[{"date": "2021\ub144 10\uc6d4 08\uc77c", "al_price": "2,961.00"}, {"date": "2021\ub144 10\uc6d4 07\uc77c", "al_price": "2,943.25"}, {"date": "2021\ub144 10\uc6d4 06\uc77c", "al_price": "2,900.00"}, {"date": "2021\ub144 10\uc6d4 05\uc77c", "al_price": "2,923.00"}, {"date": "2021\ub144 10\uc6d4 04\uc77c", "al_price": "2,904.75"}, {"date": "2021\ub144 10\uc6d4 01\uc77c", "al_price": "2,870.25"}, {"date": "2021\ub144 09\uc6d4 30\uc77c", "al_price": "2,849.75"}, {"date": "2021\ub144 09\uc6d4 29\uc77c", "al_price": "2,903.10"}, {"date": "2021\ub144 09\uc6d4 28\uc77c", "al_price": "2,932.50"}, {"date": "2021\ub144 09\uc6d4 27\uc77c", "al_price": "2,903.50"}, {"date": "2021\ub144 09\uc6d4 24\uc77c", "al_price": "2,926.25"}, {"date": "2021\ub144 09\uc6d4 23\uc77c", "al_price": "2,957.00"}, {"date": "2021\ub144 09\uc6d4 22\uc77c", "al_price": "2,938.50"}, {"date": "2021\ub144 09\uc6d4 21\uc77c", "al_price": "2,847.75"}, {"date": "2021\ub144 09\uc6d4 20\uc77c", "al_price": "2,862.00"}, {"date": "2021\ub144 09\uc6d4 17\uc77c", "al_price": "2,872.50"}, {"date": "2021\ub144 09\uc6d4 16\uc77c", "al_price": "2,890.50"}, {"date": "2021\ub144 09\uc6d4 15\uc77c", "al_price": "2,893.50"}, {"date": "2021\ub144 09\uc6d4 14\uc77c", "al_price": "2,828.00"}, {"date": "2021\ub144 09\uc6d4 13\uc77c", "al_price": "2,891.50"}, {"date": "2021\ub144 09\uc6d4 10\uc77c", "al_price": "2,925.25"}, {"date": "2021\ub144 09\uc6d4 09\uc77c", "al_price": "2,835.50"}, {"date": "2021\ub144 09\uc6d4 08\uc77c", "al_price": "2,779.35"}, {"date": "2021\ub144 09\uc6d4 07\uc77c", "al_price": "2,741.00"}, {"date": "2021\ub144 09\uc6d4 06\uc77c", "al_price": "2,771.00"}, {"date": "2021\ub144 09\uc6d4 03\uc77c", "al_price": "2,716.75"}, {"date": "2021\ub144 09\uc6d4 02\uc77c", "al_price": "2,684.00"}, {"date": "2021\ub144 09\uc6d4 01\uc77c", "al_price": "2,682.75"}, {"date": "2021\ub144 08\uc6d4 31\uc77c", "al_price": "2,709.25"}, {"date": "2021\ub144 08\uc6d4 27\uc77c", "al_price": "2,653.00"}, {"date": "2021\ub144 08\uc6d4 26\uc77c", "al_price": "2,620.75"}, {"date": "2021\ub144 08\uc6d4 25\uc77c", "al_price": "2,610.50"}, {"date": "2021\ub144 08\uc6d4 24\uc77c", "al_price": "2,606.75"}, {"date": "2021\ub144 08\uc6d4 23\uc77c", "al_price": "2,598.50"}, {"date": "2021\ub144 08\uc6d4 20\uc77c", "al_price": "2,553.75"}, {"date": "2021\ub144 08\uc6d4 19\uc77c", "al_price": "2,543.25"}, {"date": "2021\ub144 08\uc6d4 18\uc77c", "al_price": "2,550.76"}, {"date": "2021\ub144 08\uc6d4 17\uc77c", "al_price": "2,594.25"}, {"date": "2021\ub144 08\uc6d4 16\uc77c", "al_price": "2,597.75"}, {"date": "2021\ub144 08\uc6d4 13\uc77c", "al_price": "2,608.75"}, {"date": "2021\ub144 08\uc6d4 12\uc77c", "al_price": "2,574.25"}, {"date": "2021\ub144 08\uc6d4 11\uc77c", "al_price": "2,586.25"}, {"date": "2021\ub144 08\uc6d4 10\uc77c", "al_price": "2,584.75"}, {"date": "2021\ub144 08\uc6d4 09\uc77c", "al_price": "2,542.50"}, {"date": "2021\ub144 08\uc6d4 06\uc77c", "al_price": "2,573.25"}, {"date": "2021\ub144 08\uc6d4 05\uc77c", "al_price": "2,589.25"}, {"date": "2021\ub144 08\uc6d4 04\uc77c", "al_price": "2,568.25"}, {"date": "2021\ub144 08\uc6d4 03\uc77c", "al_price": "2,588.15"}, {"date": "2021\ub144 08\uc6d4 02\uc77c", "al_price": "2,618.75"}, {"date": "2021\ub144 07\uc6d4 30\uc77c", "al_price": "2,597.75"}, {"date": "2021\ub144 07\uc6d4 29\uc77c", "al_price": "2,595.50"}, {"date": "2021\ub144 07\uc6d4 28\uc77c", "al_price": "2,553.50"}, {"date": "2021\ub144 07\uc6d4 27\uc77c", "al_price": "2,486.50"}, {"date": "2021\ub144 07\uc6d4 26\uc77c", "al_price": "2,503.25"}, {"date": "2021\ub144 07\uc6d4 23\uc77c", "al_price": "2,507.25"}, {"date": "2021\ub144 07\uc6d4 22\uc77c", "al_price": "2,466.00"}, {"date": "2021\ub144 07\uc6d4 21\uc77c", "al_price": "2,450.00"}, {"date": "2021\ub144 07\uc6d4 20\uc77c", "al_price": "2,446.50"}, {"date": "2021\ub144 07\uc6d4 19\uc77c", "al_price": "2,418.50"}, {"date": "2021\ub144 07\uc6d4 16\uc77c", "al_price": "2,487.75"}, {"date": "2021\ub144 07\uc6d4 15\uc77c", "al_price": "2,510.50"}, {"date": "2021\ub144 07\uc6d4 14\uc77c", "al_price": "2,510.30"}, {"date": "2021\ub144 07\uc6d4 13\uc77c", "al_price": "2,536.50"}, {"date": "2021\ub144 07\uc6d4 12\uc77c", "al_price": "2,474.00"}, {"date": "2021\ub144 07\uc6d4 09\uc77c", "al_price": "2,495.75"}, {"date": "2021\ub144 07\uc6d4 08\uc77c", "al_price": "2,452.25"}, {"date": "2021\ub144 07\uc6d4 07\uc77c", "al_price": "2,487.25"}, {"date": "2021\ub144 07\uc6d4 06\uc77c", "al_price": "2,516.75"}, {"date": "2021\ub144 07\uc6d4 05\uc77c", "al_price": "2,543.50"}, {"date": "2021\ub144 07\uc6d4 02\uc77c", "al_price": "2,557.75"}, {"date": "2021\ub144 07\uc6d4 01\uc77c", "al_price": "2,507.50"}, {"date": "2021\ub144 06\uc6d4 30\uc77c", "al_price": "2,519.50"}, {"date": "2021\ub144 06\uc6d4 29\uc77c", "al_price": "2,531.00"}, {"date": "2021\ub144 06\uc6d4 28\uc77c", "al_price": "2,531.75"}, {"date": "2021\ub144 06\uc6d4 25\uc77c", "al_price": "2,495.25"}, {"date": "2021\ub144 06\uc6d4 24\uc77c", "al_price": "2,429.25"}, {"date": "2021\ub144 06\uc6d4 23\uc77c", "al_price": "2,433.50"}, {"date": "2021\ub144 06\uc6d4 22\uc77c", "al_price": "2,424.75"}, {"date": "2021\ub144 06\uc6d4 21\uc77c", "al_price": "2,390.75"}, {"date": "2021\ub144 06\uc6d4 18\uc77c", "al_price": "2,375.00"}, {"date": "2021\ub144 06\uc6d4 17\uc77c", "al_price": "2,363.75"}, {"date": "2021\ub144 06\uc6d4 16\uc77c", "al_price": "2,472.00"}, {"date": "2021\ub144 06\uc6d4 15\uc77c", "al_price": "2,455.75"}, {"date": "2021\ub144 06\uc6d4 14\uc77c", "al_price": "2,482.75"}, {"date": "2021\ub144 06\uc6d4 11\uc77c", "al_price": "2,463.25"}, {"date": "2021\ub144 06\uc6d4 10\uc77c", "al_price": "2,486.75"}, {"date": "2021\ub144 06\uc6d4 09\uc77c", "al_price": "2,472.80"}, {"date": "2021\ub144 06\uc6d4 08\uc77c", "al_price": "2,456.00"}, {"date": "2021\ub144 06\uc6d4 07\uc77c", "al_price": "2,423.26"}, {"date": "2021\ub144 06\uc6d4 04\uc77c", "al_price": "2,448.75"}, {"date": "2021\ub144 06\uc6d4 03\uc77c", "al_price": "2,389.59"}, {"date": "2021\ub144 06\uc6d4 02\uc77c", "al_price": "2,429.40"}, {"date": "2021\ub144 06\uc6d4 01\uc77c", "al_price": "2,454.95"}, {"date": "2021\ub144 05\uc6d4 28\uc77c", "al_price": "2,466.76"}, {"date": "2021\ub144 05\uc6d4 27\uc77c", "al_price": "2,461.25"}, {"date": "2021\ub144 05\uc6d4 26\uc77c", "al_price": "2,379.75"}, {"date": "2021\ub144 05\uc6d4 25\uc77c", "al_price": "2,350.05"}, {"date": "2021\ub144 05\uc6d4 24\uc77c", "al_price": "2,367.05"}, {"date": "2021\ub144 05\uc6d4 21\uc77c", "al_price": "2,351.25"}, {"date": "2021\ub144 05\uc6d4 20\uc77c", "al_price": "2,377.65"}, {"date": "2021\ub144 05\uc6d4 19\uc77c", "al_price": "2,397.25"}, {"date": "2021\ub144 05\uc6d4 18\uc77c", "al_price": "2,461.25"}, {"date": "2021\ub144 05\uc6d4 17\uc77c", "al_price": "2,470.45"}, {"date": "2021\ub144 05\uc6d4 14\uc77c", "al_price": "2,448.25"}, {"date": "2021\ub144 05\uc6d4 13\uc77c", "al_price": "2,429.75"}, {"date": "2021\ub144 05\uc6d4 12\uc77c", "al_price": "2,459.52"}, {"date": "2021\ub144 05\uc6d4 11\uc77c", "al_price": "2,500.70"}, {"date": "2021\ub144 05\uc6d4 10\uc77c", "al_price": "2,512.85"}, {"date": "2021\ub144 05\uc6d4 07\uc77c", "al_price": "2,524.20"}, {"date": "2021\ub144 05\uc6d4 06\uc77c", "al_price": "2,475.00"}, {"date": "2021\ub144 05\uc6d4 05\uc77c", "al_price": "2,431.50"}, {"date": "2021\ub144 05\uc6d4 04\uc77c", "al_price": "2,416.75"}, {"date": "2021\ub144 04\uc6d4 30\uc77c", "al_price": "2,390.50"}, {"date": "2021\ub144 04\uc6d4 29\uc77c", "al_price": "2,404.25"}, {"date": "2021\ub144 04\uc6d4 28\uc77c", "al_price": "2,386.10"}, {"date": "2021\ub144 04\uc6d4 27\uc77c", "al_price": "2,383.45"}, {"date": "2021\ub144 04\uc6d4 26\uc77c", "al_price": "2,392.25"}, {"date": "2021\ub144 04\uc6d4 23\uc77c", "al_price": "2,352.75"}, {"date": "2021\ub144 04\uc6d4 22\uc77c", "al_price": "2,352.75"}, {"date": "2021\ub144 04\uc6d4 21\uc77c", "al_price": "2,354.50"}, {"date": "2021\ub144 04\uc6d4 20\uc77c", "al_price": "2,296.75"}, {"date": "2021\ub144 04\uc6d4 19\uc77c", "al_price": "2,316.65"}, {"date": "2021\ub144 04\uc6d4 16\uc77c", "al_price": "2,300.95"}, {"date": "2021\ub144 04\uc6d4 15\uc77c", "al_price": "2,323.20"}, {"date": "2021\ub144 04\uc6d4 14\uc77c", "al_price": "2,308.50"}, {"date": "2021\ub144 04\uc6d4 13\uc77c", "al_price": "2,278.00"}, {"date": "2021\ub144 04\uc6d4 12\uc77c", "al_price": "2,246.50"}, {"date": "2021\ub144 04\uc6d4 09\uc77c", "al_price": "2,248.50"}, {"date": "2021\ub144 04\uc6d4 08\uc77c", "al_price": "2,268.11"}, {"date": "2021\ub144 04\uc6d4 07\uc77c", "al_price": "2,245.00"}, {"date": "2021\ub144 04\uc6d4 06\uc77c", "al_price": "2,255.25"}, {"date": "2021\ub144 04\uc6d4 01\uc77c", "al_price": "2,209.25"}, {"date": "2021\ub144 03\uc6d4 31\uc77c", "al_price": "2,194.25"}, {"date": "2021\ub144 03\uc6d4 30\uc77c", "al_price": "2,214.50"}, {"date": "2021\ub144 03\uc6d4 29\uc77c", "al_price": "2,250.00"}, {"date": "2021\ub144 03\uc6d4 26\uc77c", "al_price": "2,284.00"}, {"date": "2021\ub144 03\uc6d4 25\uc77c", "al_price": "2,231.25"}, {"date": "2021\ub144 03\uc6d4 24\uc77c", "al_price": "2,244.00"}, {"date": "2021\ub144 03\uc6d4 23\uc77c", "al_price": "2,203.40"}, {"date": "2021\ub144 03\uc6d4 22\uc77c", "al_price": "2,256.50"}, {"date": "2021\ub144 03\uc6d4 19\uc77c", "al_price": "2,249.00"}, {"date": "2021\ub144 03\uc6d4 18\uc77c", "al_price": "2,197.20"}, {"date": "2021\ub144 03\uc6d4 17\uc77c", "al_price": "2,210.50"}, {"date": "2021\ub144 03\uc6d4 16\uc77c", "al_price": "2,187.00"}, {"date": "2021\ub144 03\uc6d4 15\uc77c", "al_price": "2,202.25"}, {"date": "2021\ub144 03\uc6d4 12\uc77c", "al_price": "2,145.75"}, {"date": "2021\ub144 03\uc6d4 11\uc77c", "al_price": "2,149.75"}, {"date": "2021\ub144 03\uc6d4 10\uc77c", "al_price": "2,141.50"}, {"date": "2021\ub144 03\uc6d4 09\uc77c", "al_price": "2,142.00"}, {"date": "2021\ub144 03\uc6d4 08\uc77c", "al_price": "2,145.75"}, {"date": "2021\ub144 03\uc6d4 05\uc77c", "al_price": "2,152.75"}, {"date": "2021\ub144 03\uc6d4 04\uc77c", "al_price": "2,128.75"}, {"date": "2021\ub144 03\uc6d4 03\uc77c", "al_price": "2,175.00"}, {"date": "2021\ub144 03\uc6d4 02\uc77c", "al_price": "2,191.50"}, {"date": "2021\ub144 03\uc6d4 01\uc77c", "al_price": "2,105.25"}, {"date": "2021\ub144 02\uc6d4 26\uc77c", "al_price": "2,131.75"}, {"date": "2021\ub144 02\uc6d4 25\uc77c", "al_price": "2,214.35"}, {"date": "2021\ub144 02\uc6d4 24\uc77c", "al_price": "2,163.00"}, {"date": "2021\ub144 02\uc6d4 23\uc77c", "al_price": "2,126.00"}, {"date": "2021\ub144 02\uc6d4 22\uc77c", "al_price": "2,147.75"}, {"date": "2021\ub144 02\uc6d4 19\uc77c", "al_price": "2,114.75"}, {"date": "2021\ub144 02\uc6d4 18\uc77c", "al_price": "2,123.13"}, {"date": "2021\ub144 02\uc6d4 17\uc77c", "al_price": "2,101.55"}, {"date": "2021\ub144 02\uc6d4 16\uc77c", "al_price": "2,073.25"}, {"date": "2021\ub144 02\uc6d4 15\uc77c", "al_price": "2,071.25"}, {"date": "2021\ub144 02\uc6d4 12\uc77c", "al_price": "2,085.25"}, {"date": "2021\ub144 02\uc6d4 11\uc77c", "al_price": "2,075.75"}, {"date": "2021\ub144 02\uc6d4 10\uc77c", "al_price": "2,075.09"}, {"date": "2021\ub144 02\uc6d4 09\uc77c", "al_price": "2,049.75"}, {"date": "2021\ub144 02\uc6d4 08\uc77c", "al_price": "2,023.35"}, {"date": "2021\ub144 02\uc6d4 05\uc77c", "al_price": "2,012.75"}, {"date": "2021\ub144 02\uc6d4 04\uc77c", "al_price": "1,987.40"}, {"date": "2021\ub144 02\uc6d4 03\uc77c", "al_price": "1,966.75"}, {"date": "2021\ub144 02\uc6d4 02\uc77c", "al_price": "1,965.00"}, {"date": "2021\ub144 02\uc6d4 01\uc77c", "al_price": "1,964.00"}, {"date": "2021\ub144 01\uc6d4 29\uc77c", "al_price": "1,972.88"}, {"date": "2021\ub144 01\uc6d4 28\uc77c", "al_price": "1,977.35"}, {"date": "2021\ub144 01\uc6d4 27\uc77c", "al_price": "1,985.00"}, {"date": "2021\ub144 01\uc6d4 26\uc77c", "al_price": "2,016.50"}, {"date": "2021\ub144 01\uc6d4 25\uc77c", "al_price": "2,009.33"}, {"date": "2021\ub144 01\uc6d4 22\uc77c", "al_price": "1,986.75"}, {"date": "2021\ub144 01\uc6d4 21\uc77c", "al_price": "1,987.00"}, {"date": "2021\ub144 01\uc6d4 20\uc77c", "al_price": "1,969.45"}, {"date": "2021\ub144 01\uc6d4 19\uc77c", "al_price": "1,953.80"}, {"date": "2021\ub144 01\uc6d4 18\uc77c", "al_price": "1,961.50"}, {"date": "2021\ub144 01\uc6d4 15\uc77c", "al_price": "1,990.75"}, {"date": "2021\ub144 01\uc6d4 14\uc77c", "al_price": "2,004.75"}, {"date": "2021\ub144 01\uc6d4 13\uc77c", "al_price": "2,010.50"}, {"date": "2021\ub144 01\uc6d4 12\uc77c", "al_price": "2,013.85"}, {"date": "2021\ub144 01\uc6d4 11\uc77c", "al_price": "2,003.55"}, {"date": "2021\ub144 01\uc6d4 08\uc77c", "al_price": "2,018.00"}, {"date": "2021\ub144 01\uc6d4 07\uc77c", "al_price": "2,031.25"}, {"date": "2021\ub144 01\uc6d4 06\uc77c", "al_price": "2,035.25"}, {"date": "2021\ub144 01\uc6d4 05\uc77c", "al_price": "2,040.25"}, {"date": "2021\ub144 01\uc6d4 04\uc77c", "al_price": "2,032.25"}, {"date": "2020\ub144 12\uc6d4 31\uc77c", "al_price": "1,979.00"}, {"date": "2020\ub144 12\uc6d4 30\uc77c", "al_price": "2,003.12"}, {"date": "2020\ub144 12\uc6d4 29\uc77c", "al_price": "1,992.50"}, {"date": "2020\ub144 12\uc6d4 24\uc77c", "al_price": "2,031.00"}, {"date": "2020\ub144 12\uc6d4 23\uc77c", "al_price": "2,003.15"}, {"date": "2020\ub144 12\uc6d4 22\uc77c", "al_price": "1,987.25"}, {"date": "2020\ub144 12\uc6d4 21\uc77c", "al_price": "2,014.00"}, {"date": "2020\ub144 12\uc6d4 18\uc77c", "al_price": "2,050.50"}, {"date": "2020\ub144 12\uc6d4 17\uc77c", "al_price": "2,046.50"}, {"date": "2020\ub144 12\uc6d4 16\uc77c", "al_price": "2,029.75"}, {"date": "2020\ub144 12\uc6d4 15\uc77c", "al_price": "2,022.40"}, {"date": "2020\ub144 12\uc6d4 14\uc77c", "al_price": "2,041.85"}, {"date": "2020\ub144 12\uc6d4 11\uc77c", "al_price": "2,007.40"}, {"date": "2020\ub144 12\uc6d4 10\uc77c", "al_price": "2,048.49"}, {"date": "2020\ub144 12\uc6d4 09\uc77c", "al_price": "2,024.50"}, {"date": "2020\ub144 12\uc6d4 08\uc77c", "al_price": "1,973.25"}, {"date": "2020\ub144 12\uc6d4 07\uc77c", "al_price": "2,000.03"}, {"date": "2020\ub144 12\uc6d4 04\uc77c", "al_price": "2,034.85"}, {"date": "2020\ub144 12\uc6d4 03\uc77c", "al_price": "2,021.50"}, {"date": "2020\ub144 12\uc6d4 02\uc77c", "al_price": "2,049.65"}, {"date": "2020\ub144 12\uc6d4 01\uc77c", "al_price": "2,061.00"}, {"date": "2020\ub144 11\uc6d4 30\uc77c", "al_price": "2,042.25"}, {"date": "2020\ub144 11\uc6d4 27\uc77c", "al_price": "1,994.00"}, {"date": "2020\ub144 11\uc6d4 26\uc77c", "al_price": "1,967.25"}, {"date": "2020\ub144 11\uc6d4 25\uc77c", "al_price": "1,961.50"}, {"date": "2020\ub144 11\uc6d4 24\uc77c", "al_price": "1,980.00"}, {"date": "2020\ub144 11\uc6d4 23\uc77c", "al_price": "1,966.50"}, {"date": "2020\ub144 11\uc6d4 20\uc77c", "al_price": "1,988.00"}, {"date": "2020\ub144 11\uc6d4 19\uc77c", "al_price": "1,988.10"}, {"date": "2020\ub144 11\uc6d4 18\uc77c", "al_price": "1,993.25"}, {"date": "2020\ub144 11\uc6d4 17\uc77c", "al_price": "1,970.00"}, {"date": "2020\ub144 11\uc6d4 16\uc77c", "al_price": "1,944.00"}, {"date": "2020\ub144 11\uc6d4 13\uc77c", "al_price": "1,916.50"}, {"date": "2020\ub144 11\uc6d4 12\uc77c", "al_price": "1,913.00"}, {"date": "2020\ub144 11\uc6d4 11\uc77c", "al_price": "1,901.00"}, {"date": "2020\ub144 11\uc6d4 10\uc77c", "al_price": "1,890.80"}, {"date": "2020\ub144 11\uc6d4 09\uc77c", "al_price": "1,878.00"}, {"date": "2020\ub144 11\uc6d4 06\uc77c", "al_price": "1,888.75"}, {"date": "2020\ub144 11\uc6d4 05\uc77c", "al_price": "1,887.35"}, {"date": "2020\ub144 11\uc6d4 04\uc77c", "al_price": "1,904.50"}, {"date": "2020\ub144 11\uc6d4 03\uc77c", "al_price": "1,907.75"}, {"date": "2020\ub144 11\uc6d4 02\uc77c", "al_price": "1,870.25"}, {"date": "2020\ub144 10\uc6d4 30\uc77c", "al_price": "1,853.50"}, {"date": "2020\ub144 10\uc6d4 29\uc77c", "al_price": "1,804.75"}, {"date": "2020\ub144 10\uc6d4 28\uc77c", "al_price": "1,804.25"}, {"date": "2020\ub144 10\uc6d4 27\uc77c", "al_price": "1,813.00"}, {"date": "2020\ub144 10\uc6d4 26\uc77c", "al_price": "1,819.56"}, {"date": "2020\ub144 10\uc6d4 23\uc77c", "al_price": "1,836.95"}, {"date": "2020\ub144 10\uc6d4 22\uc77c", "al_price": "1,840.25"}, {"date": "2020\ub144 10\uc6d4 21\uc77c", "al_price": "1,837.50"}, {"date": "2020\ub144 10\uc6d4 20\uc77c", "al_price": "1,823.25"}, {"date": "2020\ub144 10\uc6d4 19\uc77c", "al_price": "1,841.20"}, {"date": "2020\ub144 10\uc6d4 16\uc77c", "al_price": "1,859.00"}, {"date": "2020\ub144 10\uc6d4 15\uc77c", "al_price": "1,840.75"}, {"date": "2020\ub144 10\uc6d4 14\uc77c", "al_price": "1,837.25"}, {"date": "2020\ub144 10\uc6d4 13\uc77c", "al_price": "1,845.50"}, {"date": "2020\ub144 10\uc6d4 12\uc77c", "al_price": "1,843.75"}, {"date": "2020\ub144 10\uc6d4 09\uc77c", "al_price": "1,828.50"}, {"date": "2020\ub144 10\uc6d4 08\uc77c", "al_price": "1,789.75"}, {"date": "2020\ub144 10\uc6d4 07\uc77c", "al_price": "1,765.50"}, {"date": "2020\ub144 10\uc6d4 06\uc77c", "al_price": "1,745.00"}, {"date": "2020\ub144 10\uc6d4 05\uc77c", "al_price": "1,752.75"}, {"date": "2020\ub144 10\uc6d4 02\uc77c", "al_price": "1,741.75"}, {"date": "2020\ub144 10\uc6d4 01\uc77c", "al_price": "1,711.75"}, {"date": "2020\ub144 09\uc6d4 30\uc77c", "al_price": "1,739.75"}, {"date": "2020\ub144 09\uc6d4 29\uc77c", "al_price": "1,759.00"}, {"date": "2020\ub144 09\uc6d4 28\uc77c", "al_price": "1,752.75"}, {"date": "2020\ub144 09\uc6d4 25\uc77c", "al_price": "1,725.00"}, {"date": "2020\ub144 09\uc6d4 24\uc77c", "al_price": "1,715.50"}, {"date": "2020\ub144 09\uc6d4 23\uc77c", "al_price": "1,729.36"}, {"date": "2020\ub144 09\uc6d4 22\uc77c", "al_price": "1,751.55"}, {"date": "2020\ub144 09\uc6d4 21\uc77c", "al_price": "1,754.75"}, {"date": "2020\ub144 09\uc6d4 18\uc77c", "al_price": "1,768.75"}, {"date": "2020\ub144 09\uc6d4 17\uc77c", "al_price": "1,757.00"}, {"date": "2020\ub144 09\uc6d4 16\uc77c", "al_price": "1,772.35"}, {"date": "2020\ub144 09\uc6d4 15\uc77c", "al_price": "1,766.50"}, {"date": "2020\ub144 09\uc6d4 14\uc77c", "al_price": "1,778.01"}, {"date": "2020\ub144 09\uc6d4 11\uc77c", "al_price": "1,737.50"}, {"date": "2020\ub144 09\uc6d4 10\uc77c", "al_price": "1,752.90"}, {"date": "2020\ub144 09\uc6d4 09\uc77c", "al_price": "1,747.90"}, {"date": "2020\ub144 09\uc6d4 08\uc77c", "al_price": "1,757.10"}, {"date": "2020\ub144 09\uc6d4 07\uc77c", "al_price": "1,763.62"}, {"date": "2020\ub144 09\uc6d4 04\uc77c", "al_price": "1,755.00"}, {"date": "2020\ub144 09\uc6d4 03\uc77c", "al_price": "1,749.55"}, {"date": "2020\ub144 09\uc6d4 02\uc77c", "al_price": "1,755.85"}, {"date": "2020\ub144 09\uc6d4 01\uc77c", "al_price": "1,788.00"}, {"date": "2020\ub144 08\uc6d4 28\uc77c", "al_price": "1,771.50"}, {"date": "2020\ub144 08\uc6d4 27\uc77c", "al_price": "1,750.25"}, {"date": "2020\ub144 08\uc6d4 26\uc77c", "al_price": "1,750.25"}, {"date": "2020\ub144 08\uc6d4 25\uc77c", "al_price": "1,746.00"}, {"date": "2020\ub144 08\uc6d4 24\uc77c", "al_price": "1,741.86"}, {"date": "2020\ub144 08\uc6d4 21\uc77c", "al_price": "1,763.50"}, {"date": "2020\ub144 08\uc6d4 20\uc77c", "al_price": "1,770.35"}, {"date": "2020\ub144 08\uc6d4 19\uc77c", "al_price": "1,770.35"}, {"date": "2020\ub144 08\uc6d4 18\uc77c", "al_price": "1,732.00"}, {"date": "2020\ub144 08\uc6d4 17\uc77c", "al_price": "1,732.00"}, {"date": "2020\ub144 08\uc6d4 14\uc77c", "al_price": "1,728.00"}, {"date": "2020\ub144 08\uc6d4 13\uc77c", "al_price": "1,753.35"}, {"date": "2020\ub144 08\uc6d4 12\uc77c", "al_price": "1,753.35"}, {"date": "2020\ub144 08\uc6d4 11\uc77c", "al_price": "1,753.85"}, {"date": "2020\ub144 08\uc6d4 10\uc77c", "al_price": "1,754.50"}, {"date": "2020\ub144 08\uc6d4 07\uc77c", "al_price": "1,747.00"}, {"date": "2020\ub144 08\uc6d4 06\uc77c", "al_price": "1,736.50"}, {"date": "2020\ub144 08\uc6d4 05\uc77c", "al_price": "1,736.50"}, {"date": "2020\ub144 08\uc6d4 04\uc77c", "al_price": "1,739.50"}, {"date": "2020\ub144 08\uc6d4 03\uc77c", "al_price": "1,721.50"}, {"date": "2020\ub144 07\uc6d4 31\uc77c", "al_price": "1,692.50"}, {"date": "2020\ub144 07\uc6d4 30\uc77c", "al_price": "1,697.25"}, {"date": "2020\ub144 07\uc6d4 29\uc77c", "al_price": "1,697.25"}, {"date": "2020\ub144 07\uc6d4 28\uc77c", "al_price": "1,682.50"}, {"date": "2020\ub144 07\uc6d4 27\uc77c", "al_price": "1,682.50"}, {"date": "2020\ub144 07\uc6d4 24\uc77c", "al_price": "1,678.50"}, {"date": "2020\ub144 07\uc6d4 23\uc77c", "al_price": "1,670.75"}, {"date": "2020\ub144 07\uc6d4 22\uc77c", "al_price": "1,670.75"}, {"date": "2020\ub144 07\uc6d4 21\uc77c", "al_price": "1,643.50"}, {"date": "2020\ub144 07\uc6d4 20\uc77c", "al_price": "1,643.50"}, {"date": "2020\ub144 07\uc6d4 17\uc77c", "al_price": "1,651.25"}, {"date": "2020\ub144 07\uc6d4 16\uc77c", "al_price": "1,665.75"}, {"date": "2020\ub144 07\uc6d4 15\uc77c", "al_price": "1,665.75"}, {"date": "2020\ub144 07\uc6d4 14\uc77c", "al_price": "1,672.25"}, {"date": "2020\ub144 07\uc6d4 13\uc77c", "al_price": "1,672.25"}, {"date": "2020\ub144 07\uc6d4 10\uc77c", "al_price": "1,638.00"}, {"date": "2020\ub144 07\uc6d4 09\uc77c", "al_price": "1,636.50"}, {"date": "2020\ub144 07\uc6d4 08\uc77c", "al_price": "1,636.50"}, {"date": "2020\ub144 07\uc6d4 07\uc77c", "al_price": "1,604.75"}, {"date": "2020\ub144 07\uc6d4 06\uc77c", "al_price": "1,604.75"}, {"date": "2020\ub144 07\uc6d4 03\uc77c", "al_price": "1,593.25"}, {"date": "2020\ub144 07\uc6d4 02\uc77c", "al_price": "1,594.00"}, {"date": "2020\ub144 07\uc6d4 01\uc77c", "al_price": "1,594.00"}, {"date": "2020\ub144 06\uc6d4 30\uc77c", "al_price": "1,593.75"}, {"date": "2020\ub144 06\uc6d4 29\uc77c", "al_price": "1,583.00"}, {"date": "2020\ub144 06\uc6d4 26\uc77c", "al_price": "1,577.25"}, {"date": "2020\ub144 06\uc6d4 25\uc77c", "al_price": "1,545.50"}, {"date": "2020\ub144 06\uc6d4 24\uc77c", "al_price": "1,551.25"}, {"date": "2020\ub144 06\uc6d4 23\uc77c", "al_price": "1,570.75"}, {"date": "2020\ub144 06\uc6d4 22\uc77c", "al_price": "1,579.00"}, {"date": "2020\ub144 06\uc6d4 19\uc77c", "al_price": "1,569.00"}, {"date": "2020\ub144 06\uc6d4 18\uc77c", "al_price": "1,584.50"}, {"date": "2020\ub144 06\uc6d4 17\uc77c", "al_price": "1,585.25"}, {"date": "2020\ub144 06\uc6d4 16\uc77c", "al_price": "1,576.00"}, {"date": "2020\ub144 06\uc6d4 15\uc77c", "al_price": "1,554.05"}, {"date": "2020\ub144 06\uc6d4 12\uc77c", "al_price": "1,563.25"}, {"date": "2020\ub144 06\uc6d4 11\uc77c", "al_price": "1,577.50"}, {"date": "2020\ub144 06\uc6d4 10\uc77c", "al_price": "1,608.25"}, {"date": "2020\ub144 06\uc6d4 09\uc77c", "al_price": "1,584.00"}, {"date": "2020\ub144 06\uc6d4 08\uc77c", "al_price": "1,583.75"}, {"date": "2020\ub144 06\uc6d4 05\uc77c", "al_price": "1,571.00"}, {"date": "2020\ub144 06\uc6d4 04\uc77c", "al_price": "1,550.75"}, {"date": "2020\ub144 06\uc6d4 03\uc77c", "al_price": "1,548.75"}, {"date": "2020\ub144 06\uc6d4 02\uc77c", "al_price": "1,527.75"}, {"date": "2020\ub144 06\uc6d4 01\uc77c", "al_price": "1,517.50"}, {"date": "2020\ub144 05\uc6d4 29\uc77c", "al_price": "1,535.00"}, {"date": "2020\ub144 05\uc6d4 28\uc77c", "al_price": "1,524.25"}, {"date": "2020\ub144 05\uc6d4 27\uc77c", "al_price": "1,512.25"}, {"date": "2020\ub144 05\uc6d4 26\uc77c", "al_price": "1,505.50"}, {"date": "2020\ub144 05\uc6d4 22\uc77c", "al_price": "1,492.25"}, {"date": "2020\ub144 05\uc6d4 21\uc77c", "al_price": "1,505.75"}, {"date": "2020\ub144 05\uc6d4 20\uc77c", "al_price": "1,498.25"}, {"date": "2020\ub144 05\uc6d4 19\uc77c", "al_price": "1,474.65"}, {"date": "2020\ub144 05\uc6d4 18\uc77c", "al_price": "1,478.25"}, {"date": "2020\ub144 05\uc6d4 15\uc77c", "al_price": "1,429.25"}, {"date": "2020\ub144 05\uc6d4 14\uc77c", "al_price": "1,441.30"}, {"date": "2020\ub144 05\uc6d4 13\uc77c", "al_price": "1,447.25"}, {"date": "2020\ub144 05\uc6d4 12\uc77c", "al_price": "1,444.00"}, {"date": "2020\ub144 05\uc6d4 11\uc77c", "al_price": "1,464.75"}, {"date": "2020\ub144 05\uc6d4 07\uc77c", "al_price": "1,453.00"}, {"date": "2020\ub144 05\uc6d4 06\uc77c", "al_price": "1,447.20"}, {"date": "2020\ub144 05\uc6d4 05\uc77c", "al_price": "1,451.50"}, {"date": "2020\ub144 05\uc6d4 04\uc77c", "al_price": "1,451.25"}, {"date": "2020\ub144 05\uc6d4 01\uc77c", "al_price": "1,457.61"}, {"date": "2020\ub144 04\uc6d4 30\uc77c", "al_price": "1,466.75"}, {"date": "2020\ub144 04\uc6d4 29\uc77c", "al_price": "1,477.50"}, {"date": "2020\ub144 04\uc6d4 28\uc77c", "al_price": "1,477.25"}, {"date": "2020\ub144 04\uc6d4 27\uc77c", "al_price": "1,482.25"}, {"date": "2020\ub144 04\uc6d4 24\uc77c", "al_price": "1,490.75"}, {"date": "2020\ub144 04\uc6d4 23\uc77c", "al_price": "1,488.00"}, {"date": "2020\ub144 04\uc6d4 22\uc77c", "al_price": "1,491.05"}, {"date": "2020\ub144 04\uc6d4 21\uc77c", "al_price": "1,466.00"}, {"date": "2020\ub144 04\uc6d4 20\uc77c", "al_price": "1,479.75"}, {"date": "2020\ub144 04\uc6d4 17\uc77c", "al_price": "1,485.00"}, {"date": "2020\ub144 04\uc6d4 16\uc77c", "al_price": "1,491.00"}, {"date": "2020\ub144 04\uc6d4 15\uc77c", "al_price": "1,487.00"}, {"date": "2020\ub144 04\uc6d4 14\uc77c", "al_price": "1,482.69"}, {"date": "2020\ub144 04\uc6d4 09\uc77c", "al_price": "1,440.50"}, {"date": "2020\ub144 04\uc6d4 08\uc77c", "al_price": "1,426.50"}, {"date": "2020\ub144 04\uc6d4 07\uc77c", "al_price": "1,444.25"}, {"date": "2020\ub144 04\uc6d4 06\uc77c", "al_price": "1,441.50"}, {"date": "2020\ub144 04\uc6d4 03\uc77c", "al_price": "1,453.75"}, {"date": "2020\ub144 04\uc6d4 02\uc77c", "al_price": "1,463.50"}, {"date": "2020\ub144 04\uc6d4 01\uc77c", "al_price": "1,473.00"}, {"date": "2020\ub144 03\uc6d4 31\uc77c", "al_price": "1,501.50"}, {"date": "2020\ub144 03\uc6d4 30\uc77c", "al_price": "1,507.75"}, {"date": "2020\ub144 03\uc6d4 27\uc77c", "al_price": "1,526.50"}, {"date": "2020\ub144 03\uc6d4 26\uc77c", "al_price": "1,517.00"}, {"date": "2020\ub144 03\uc6d4 25\uc77c", "al_price": "1,518.25"}, {"date": "2020\ub144 03\uc6d4 24\uc77c", "al_price": "1,529.50"}, {"date": "2020\ub144 03\uc6d4 23\uc77c", "al_price": "1,542.00"}, {"date": "2020\ub144 03\uc6d4 20\uc77c", "al_price": "1,571.75"}, {"date": "2020\ub144 03\uc6d4 19\uc77c", "al_price": "1,620.25"}, {"date": "2020\ub144 03\uc6d4 18\uc77c", "al_price": "1,640.75"}, {"date": "2020\ub144 03\uc6d4 17\uc77c", "al_price": "1,643.50"}, {"date": "2020\ub144 03\uc6d4 16\uc77c", "al_price": "1,670.75"}, {"date": "2020\ub144 03\uc6d4 13\uc77c", "al_price": "1,675.00"}, {"date": "2020\ub144 03\uc6d4 12\uc77c", "al_price": "1,640.25"}, {"date": "2020\ub144 03\uc6d4 11\uc77c", "al_price": "1,662.50"}, {"date": "2020\ub144 03\uc6d4 10\uc77c", "al_price": "1,683.25"}, {"date": "2020\ub144 03\uc6d4 09\uc77c", "al_price": "1,671.50"}, {"date": "2020\ub144 03\uc6d4 06\uc77c", "al_price": "1,668.25"}, {"date": "2020\ub144 03\uc6d4 05\uc77c", "al_price": "1,709.50"}, {"date": "2020\ub144 03\uc6d4 04\uc77c", "al_price": "1,722.00"}, {"date": "2020\ub144 03\uc6d4 03\uc77c", "al_price": "1,714.75"}, {"date": "2020\ub144 03\uc6d4 02\uc77c", "al_price": "1,709.25"}, {"date": "2020\ub144 02\uc6d4 28\uc77c", "al_price": "1,685.50"}, {"date": "2020\ub144 02\uc6d4 27\uc77c", "al_price": "1,680.00"}, {"date": "2020\ub144 02\uc6d4 26\uc77c", "al_price": "1,686.00"}, {"date": "2020\ub144 02\uc6d4 25\uc77c", "al_price": "1,694.25"}, {"date": "2020\ub144 02\uc6d4 24\uc77c", "al_price": "1,687.25"}, {"date": "2020\ub144 02\uc6d4 21\uc77c", "al_price": "1,701.25"}, {"date": "2020\ub144 02\uc6d4 20\uc77c", "al_price": "1,698.75"}, {"date": "2020\ub144 02\uc6d4 19\uc77c", "al_price": "1,704.75"}, {"date": "2020\ub144 02\uc6d4 18\uc77c", "al_price": "1,704.50"}, {"date": "2020\ub144 02\uc6d4 17\uc77c", "al_price": "1,706.25"}, {"date": "2020\ub144 02\uc6d4 14\uc77c", "al_price": "1,708.00"}, {"date": "2020\ub144 02\uc6d4 13\uc77c", "al_price": "1,722.75"}, {"date": "2020\ub144 02\uc6d4 12\uc77c", "al_price": "1,714.75"}, {"date": "2020\ub144 02\uc6d4 11\uc77c", "al_price": "1,713.00"}, {"date": "2020\ub144 02\uc6d4 10\uc77c", "al_price": "1,678.50"}, {"date": "2020\ub144 02\uc6d4 07\uc77c", "al_price": "1,703.25"}, {"date": "2020\ub144 02\uc6d4 06\uc77c", "al_price": "1,716.25"}, {"date": "2020\ub144 02\uc6d4 05\uc77c", "al_price": "1,696.00"}, {"date": "2020\ub144 02\uc6d4 04\uc77c", "al_price": "1,663.75"}, {"date": "2020\ub144 02\uc6d4 03\uc77c", "al_price": "1,665.00"}, {"date": "2020\ub144 01\uc6d4 31\uc77c", "al_price": "1,703.50"}, {"date": "2020\ub144 01\uc6d4 30\uc77c", "al_price": "1,714.50"}, {"date": "2020\ub144 01\uc6d4 29\uc77c", "al_price": "1,722.00"}, {"date": "2020\ub144 01\uc6d4 28\uc77c", "al_price": "1,735.50"}, {"date": "2020\ub144 01\uc6d4 27\uc77c", "al_price": "1,749.75"}, {"date": "2020\ub144 01\uc6d4 24\uc77c", "al_price": "1,766.00"}, {"date": "2020\ub144 01\uc6d4 23\uc77c", "al_price": "1,780.00"}, {"date": "2020\ub144 01\uc6d4 22\uc77c", "al_price": "1,795.25"}, {"date": "2020\ub144 01\uc6d4 21\uc77c", "al_price": "1,811.50"}, {"date": "2020\ub144 01\uc6d4 20\uc77c", "al_price": "1,799.00"}, {"date": "2020\ub144 01\uc6d4 17\uc77c", "al_price": "1,790.75"}, {"date": "2020\ub144 01\uc6d4 16\uc77c", "al_price": "1,797.50"}, {"date": "2020\ub144 01\uc6d4 15\uc77c", "al_price": "1,784.00"}, {"date": "2020\ub144 01\uc6d4 14\uc77c", "al_price": "1,792.25"}, {"date": "2020\ub144 01\uc6d4 13\uc77c", "al_price": "1,781.00"}, {"date": "2020\ub144 01\uc6d4 10\uc77c", "al_price": "1,790.25"}, {"date": "2020\ub144 01\uc6d4 09\uc77c", "al_price": "1,776.00"}, {"date": "2020\ub144 01\uc6d4 08\uc77c", "al_price": "1,771.00"}, {"date": "2020\ub144 01\uc6d4 07\uc77c", "al_price": "1,788.50"}, {"date": "2020\ub144 01\uc6d4 06\uc77c", "al_price": "1,805.50"}, {"date": "2020\ub144 01\uc6d4 03\uc77c", "al_price": "1,798.75"}, {"date": "2020\ub144 01\uc6d4 02\uc77c", "al_price": "1,781.50"}, {"date": "2019\ub144 12\uc6d4 31\uc77c", "al_price": "1,789.25"}, {"date": "2019\ub144 12\uc6d4 30\uc77c", "al_price": "1,807.50"}, {"date": "2019\ub144 12\uc6d4 27\uc77c", "al_price": "1,808.25"}, {"date": "2019\ub144 12\uc6d4 24\uc77c", "al_price": "1,798.00"}, {"date": "2019\ub144 12\uc6d4 23\uc77c", "al_price": "1,786.25"}, {"date": "2019\ub144 12\uc6d4 20\uc77c", "al_price": "1,782.00"}, {"date": "2019\ub144 12\uc6d4 19\uc77c", "al_price": "1,779.50"}, {"date": "2019\ub144 12\uc6d4 18\uc77c", "al_price": "1,758.75"}, {"date": "2019\ub144 12\uc6d4 17\uc77c", "al_price": "1,746.25"}, {"date": "2019\ub144 12\uc6d4 16\uc77c", "al_price": "1,760.50"}, {"date": "2019\ub144 12\uc6d4 13\uc77c", "al_price": "1,750.00"}, {"date": "2019\ub144 12\uc6d4 12\uc77c", "al_price": "1,763.00"}, {"date": "2019\ub144 12\uc6d4 11\uc77c", "al_price": "1,753.50"}, {"date": "2019\ub144 12\uc6d4 10\uc77c", "al_price": "1,751.75"}, {"date": "2019\ub144 12\uc6d4 09\uc77c", "al_price": "1,755.00"}, {"date": "2019\ub144 12\uc6d4 06\uc77c", "al_price": "1,764.25"}, {"date": "2019\ub144 12\uc6d4 05\uc77c", "al_price": "1,746.75"}, {"date": "2019\ub144 12\uc6d4 04\uc77c", "al_price": "1,763.00"}, {"date": "2019\ub144 12\uc6d4 03\uc77c", "al_price": "1,770.50"}, {"date": "2019\ub144 12\uc6d4 02\uc77c", "al_price": "1,801.25"}, {"date": "2019\ub144 11\uc6d4 29\uc77c", "al_price": "1,780.00"}, {"date": "2019\ub144 11\uc6d4 28\uc77c", "al_price": "1,757.25"}, {"date": "2019\ub144 11\uc6d4 27\uc77c", "al_price": "1,770.00"}, {"date": "2019\ub144 11\uc6d4 26\uc77c", "al_price": "1,758.00"}, {"date": "2019\ub144 11\uc6d4 25\uc77c", "al_price": "1,741.25"}, {"date": "2019\ub144 11\uc6d4 22\uc77c", "al_price": "1,747.00"}, {"date": "2019\ub144 11\uc6d4 21\uc77c", "al_price": "1,741.50"}, {"date": "2019\ub144 11\uc6d4 20\uc77c", "al_price": "1,748.00"}, {"date": "2019\ub144 11\uc6d4 19\uc77c", "al_price": "1,736.75"}, {"date": "2019\ub144 11\uc6d4 18\uc77c", "al_price": "1,743.50"}, {"date": "2019\ub144 11\uc6d4 15\uc77c", "al_price": "1,763.00"}, {"date": "2019\ub144 11\uc6d4 14\uc77c", "al_price": "1,738.50"}, {"date": "2019\ub144 11\uc6d4 13\uc77c", "al_price": "1,767.50"}, {"date": "2019\ub144 11\uc6d4 12\uc77c", "al_price": "1,780.50"}, {"date": "2019\ub144 11\uc6d4 11\uc77c", "al_price": "1,784.75"}, {"date": "2019\ub144 11\uc6d4 08\uc77c", "al_price": "1,820.25"}, {"date": "2019\ub144 11\uc6d4 07\uc77c", "al_price": "1,827.25"}, {"date": "2019\ub144 11\uc6d4 06\uc77c", "al_price": "1,821.75"}, {"date": "2019\ub144 11\uc6d4 05\uc77c", "al_price": "1,823.00"}, {"date": "2019\ub144 11\uc6d4 04\uc77c", "al_price": "1,827.75"}, {"date": "2019\ub144 11\uc6d4 01\uc77c", "al_price": "1,798.00"}, {"date": "2019\ub144 10\uc6d4 31\uc77c", "al_price": "1,761.50"}, {"date": "2019\ub144 10\uc6d4 30\uc77c", "al_price": "1,766.00"}, {"date": "2019\ub144 10\uc6d4 29\uc77c", "al_price": "1,761.75"}, {"date": "2019\ub144 10\uc6d4 28\uc77c", "al_price": "1,740.75"}, {"date": "2019\ub144 10\uc6d4 25\uc77c", "al_price": "1,733.50"}, {"date": "2019\ub144 10\uc6d4 24\uc77c", "al_price": "1,727.50"}, {"date": "2019\ub144 10\uc6d4 23\uc77c", "al_price": "1,733.50"}, {"date": "2019\ub144 10\uc6d4 22\uc77c", "al_price": "1,723.25"}, {"date": "2019\ub144 10\uc6d4 21\uc77c", "al_price": "1,734.00"}, {"date": "2019\ub144 10\uc6d4 18\uc77c", "al_price": "1,746.50"}, {"date": "2019\ub144 10\uc6d4 17\uc77c", "al_price": "1,736.25"}, {"date": "2019\ub144 10\uc6d4 16\uc77c", "al_price": "1,735.50"}, {"date": "2019\ub144 10\uc6d4 15\uc77c", "al_price": "1,730.50"}, {"date": "2019\ub144 10\uc6d4 14\uc77c", "al_price": "1,721.75"}, {"date": "2019\ub144 10\uc6d4 11\uc77c", "al_price": "1,714.00"}, {"date": "2019\ub144 10\uc6d4 10\uc77c", "al_price": "1,745.75"}, {"date": "2019\ub144 10\uc6d4 09\uc77c", "al_price": "1,737.50"}, {"date": "2019\ub144 10\uc6d4 08\uc77c", "al_price": "1,744.75"}, {"date": "2019\ub144 10\uc6d4 07\uc77c", "al_price": "1,741.25"}, {"date": "2019\ub144 10\uc6d4 04\uc77c", "al_price": "1,708.25"}, {"date": "2019\ub144 10\uc6d4 03\uc77c", "al_price": "1,705.25"}, {"date": "2019\ub144 10\uc6d4 02\uc77c", "al_price": "1,689.75"}, {"date": "2019\ub144 10\uc6d4 01\uc77c", "al_price": "1,726.25"}, {"date": "2019\ub144 09\uc6d4 30\uc77c", "al_price": "1,707.50"}, {"date": "2019\ub144 09\uc6d4 27\uc77c", "al_price": "1,722.75"}, {"date": "2019\ub144 09\uc6d4 26\uc77c", "al_price": "1,725.00"}, {"date": "2019\ub144 09\uc6d4 25\uc77c", "al_price": "1,738.75"}, {"date": "2019\ub144 09\uc6d4 24\uc77c", "al_price": "1,751.00"}, {"date": "2019\ub144 09\uc6d4 23\uc77c", "al_price": "1,776.25"}, {"date": "2019\ub144 09\uc6d4 20\uc77c", "al_price": "1,785.50"}, {"date": "2019\ub144 09\uc6d4 19\uc77c", "al_price": "1,788.00"}, {"date": "2019\ub144 09\uc6d4 18\uc77c", "al_price": "1,767.25"}, {"date": "2019\ub144 09\uc6d4 17\uc77c", "al_price": "1,774.50"}, {"date": "2019\ub144 09\uc6d4 16\uc77c", "al_price": "1,761.50"}, {"date": "2019\ub144 09\uc6d4 13\uc77c", "al_price": "1,791.25"}, {"date": "2019\ub144 09\uc6d4 12\uc77c", "al_price": "1,772.50"}, {"date": "2019\ub144 09\uc6d4 11\uc77c", "al_price": "1,800.00"}, {"date": "2019\ub144 09\uc6d4 10\uc77c", "al_price": "1,799.00"}, {"date": "2019\ub144 09\uc6d4 09\uc77c", "al_price": "1,777.75"}, {"date": "2019\ub144 09\uc6d4 06\uc77c", "al_price": "1,769.25"}, {"date": "2019\ub144 09\uc6d4 05\uc77c", "al_price": "1,763.00"}, {"date": "2019\ub144 09\uc6d4 04\uc77c", "al_price": "1,754.00"}, {"date": "2019\ub144 09\uc6d4 03\uc77c", "al_price": "1,732.25"}, {"date": "2019\ub144 09\uc6d4 02\uc77c", "al_price": "1,729.00"}, {"date": "2019\ub144 08\uc6d4 30\uc77c", "al_price": "1,732.50"}, {"date": "2019\ub144 08\uc6d4 29\uc77c", "al_price": "1,731.25"}, {"date": "2019\ub144 08\uc6d4 28\uc77c", "al_price": "1,725.00"}, {"date": "2019\ub144 08\uc6d4 27\uc77c", "al_price": "1,742.75"}, {"date": "2019\ub144 08\uc6d4 23\uc77c", "al_price": "1,754.25"}, {"date": "2019\ub144 08\uc6d4 22\uc77c", "al_price": "1,750.00"}, {"date": "2019\ub144 08\uc6d4 21\uc77c", "al_price": "1,763.25"}, {"date": "2019\ub144 08\uc6d4 20\uc77c", "al_price": "1,765.25"}, {"date": "2019\ub144 08\uc6d4 19\uc77c", "al_price": "1,776.75"}, {"date": "2019\ub144 08\uc6d4 16\uc77c", "al_price": "1,760.00"}, {"date": "2019\ub144 08\uc6d4 15\uc77c", "al_price": "1,751.75"}, {"date": "2019\ub144 08\uc6d4 14\uc77c", "al_price": "1,746.75"}, {"date": "2019\ub144 08\uc6d4 13\uc77c", "al_price": "1,757.75"}, {"date": "2019\ub144 08\uc6d4 12\uc77c", "al_price": "1,743.00"}, {"date": "2019\ub144 08\uc6d4 09\uc77c", "al_price": "1,747.50"}, {"date": "2019\ub144 08\uc6d4 08\uc77c", "al_price": "1,754.75"}, {"date": "2019\ub144 08\uc6d4 07\uc77c", "al_price": "1,722.75"}, {"date": "2019\ub144 08\uc6d4 06\uc77c", "al_price": "1,738.25"}, {"date": "2019\ub144 08\uc6d4 05\uc77c", "al_price": "1,743.25"}, {"date": "2019\ub144 08\uc6d4 02\uc77c", "al_price": "1,750.50"}, {"date": "2019\ub144 08\uc6d4 01\uc77c", "al_price": "1,762.50"}, {"date": "2019\ub144 07\uc6d4 31\uc77c", "al_price": "1,782.25"}, {"date": "2019\ub144 07\uc6d4 30\uc77c", "al_price": "1,786.75"}, {"date": "2019\ub144 07\uc6d4 29\uc77c", "al_price": "1,796.50"}, {"date": "2019\ub144 07\uc6d4 26\uc77c", "al_price": "1,786.75"}, {"date": "2019\ub144 07\uc6d4 25\uc77c", "al_price": "1,808.25"}, {"date": "2019\ub144 07\uc6d4 24\uc77c", "al_price": "1,808.50"}, {"date": "2019\ub144 07\uc6d4 23\uc77c", "al_price": "1,798.75"}, {"date": "2019\ub144 07\uc6d4 22\uc77c", "al_price": "1,799.75"}, {"date": "2019\ub144 07\uc6d4 19\uc77c", "al_price": "1,834.25"}, {"date": "2019\ub144 07\uc6d4 18\uc77c", "al_price": "1,843.75"}, {"date": "2019\ub144 07\uc6d4 17\uc77c", "al_price": "1,839.00"}, {"date": "2019\ub144 07\uc6d4 16\uc77c", "al_price": "1,841.50"}, {"date": "2019\ub144 07\uc6d4 15\uc77c", "al_price": "1,834.25"}, {"date": "2019\ub144 07\uc6d4 12\uc77c", "al_price": "1,802.75"}, {"date": "2019\ub144 07\uc6d4 11\uc77c", "al_price": "1,808.50"}, {"date": "2019\ub144 07\uc6d4 10\uc77c", "al_price": "1,835.50"}, {"date": "2019\ub144 07\uc6d4 09\uc77c", "al_price": "1,809.50"}, {"date": "2019\ub144 07\uc6d4 08\uc77c", "al_price": "1,792.50"}, {"date": "2019\ub144 07\uc6d4 05\uc77c", "al_price": "1,787.00"}, {"date": "2019\ub144 07\uc6d4 04\uc77c", "al_price": "1,787.75"}, {"date": "2019\ub144 07\uc6d4 03\uc77c", "al_price": "1,770.25"}, {"date": "2019\ub144 07\uc6d4 02\uc77c", "al_price": "1,761.75"}, {"date": "2019\ub144 07\uc6d4 01\uc77c", "al_price": "1,775.00"}, {"date": "2019\ub144 06\uc6d4 28\uc77c", "al_price": "1,782.25"}, {"date": "2019\ub144 06\uc6d4 27\uc77c", "al_price": "1,772.50"}, {"date": "2019\ub144 06\uc6d4 26\uc77c", "al_price": "1,802.25"}, {"date": "2019\ub144 06\uc6d4 25\uc77c", "al_price": "1,797.25"}, {"date": "2019\ub144 06\uc6d4 24\uc77c", "al_price": "1,776.00"}, {"date": "2019\ub144 06\uc6d4 21\uc77c", "al_price": "1,750.25"}, {"date": "2019\ub144 06\uc6d4 20\uc77c", "al_price": "1,764.50"}, {"date": "2019\ub144 06\uc6d4 19\uc77c", "al_price": "1,767.00"}, {"date": "2019\ub144 06\uc6d4 18\uc77c", "al_price": "1,761.75"}, {"date": "2019\ub144 06\uc6d4 17\uc77c", "al_price": "1,738.25"}, {"date": "2019\ub144 06\uc6d4 14\uc77c", "al_price": "1,733.50"}, {"date": "2019\ub144 06\uc6d4 13\uc77c", "al_price": "1,757.00"}, {"date": "2019\ub144 06\uc6d4 12\uc77c", "al_price": "1,762.25"}, {"date": "2019\ub144 06\uc6d4 11\uc77c", "al_price": "1,752.00"}, {"date": "2019\ub144 06\uc6d4 10\uc77c", "al_price": "1,749.00"}, {"date": "2019\ub144 06\uc6d4 07\uc77c", "al_price": "1,737.50"}, {"date": "2019\ub144 06\uc6d4 06\uc77c", "al_price": "1,750.75"}, {"date": "2019\ub144 06\uc6d4 05\uc77c", "al_price": "1,748.75"}, {"date": "2019\ub144 06\uc6d4 04\uc77c", "al_price": "1,766.25"}, {"date": "2019\ub144 06\uc6d4 03\uc77c", "al_price": "1,757.75"}, {"date": "2019\ub144 05\uc6d4 31\uc77c", "al_price": "1,777.50"}, {"date": "2019\ub144 05\uc6d4 30\uc77c", "al_price": "1,763.50"}, {"date": "2019\ub144 05\uc6d4 29\uc77c", "al_price": "1,774.25"}, {"date": "2019\ub144 05\uc6d4 28\uc77c", "al_price": "1,786.50"}, {"date": "2019\ub144 05\uc6d4 24\uc77c", "al_price": "1,780.00"}, {"date": "2019\ub144 05\uc6d4 23\uc77c", "al_price": "1,776.25"}, {"date": "2019\ub144 05\uc6d4 22\uc77c", "al_price": "1,757.50"}, {"date": "2019\ub144 05\uc6d4 21\uc77c", "al_price": "1,775.25"}, {"date": "2019\ub144 05\uc6d4 20\uc77c", "al_price": "1,777.50"}, {"date": "2019\ub144 05\uc6d4 17\uc77c", "al_price": "1,819.00"}, {"date": "2019\ub144 05\uc6d4 16\uc77c", "al_price": "1,842.75"}, {"date": "2019\ub144 05\uc6d4 15\uc77c", "al_price": "1,837.25"}, {"date": "2019\ub144 05\uc6d4 14\uc77c", "al_price": "1,826.50"}, {"date": "2019\ub144 05\uc6d4 13\uc77c", "al_price": "1,790.50"}, {"date": "2019\ub144 05\uc6d4 10\uc77c", "al_price": "1,777.25"}, {"date": "2019\ub144 05\uc6d4 09\uc77c", "al_price": "1,768.75"}, {"date": "2019\ub144 05\uc6d4 08\uc77c", "al_price": "1,768.00"}, {"date": "2019\ub144 05\uc6d4 07\uc77c", "al_price": "1,788.50"}, {"date": "2019\ub144 05\uc6d4 03\uc77c", "al_price": "1,769.50"}, {"date": "2019\ub144 05\uc6d4 02\uc77c", "al_price": "1,790.50"}, {"date": "2019\ub144 05\uc6d4 01\uc77c", "al_price": "1,791.00"}, {"date": "2019\ub144 04\uc6d4 30\uc77c", "al_price": "1,773.00"}, {"date": "2019\ub144 04\uc6d4 29\uc77c", "al_price": "1,803.75"}, {"date": "2019\ub144 04\uc6d4 26\uc77c", "al_price": "1,818.00"}, {"date": "2019\ub144 04\uc6d4 25\uc77c", "al_price": "1,839.00"}, {"date": "2019\ub144 04\uc6d4 24\uc77c", "al_price": "1,854.00"}, {"date": "2019\ub144 04\uc6d4 23\uc77c", "al_price": "1,847.50"}, {"date": "2019\ub144 04\uc6d4 18\uc77c", "al_price": "1,850.25"}, {"date": "2019\ub144 04\uc6d4 17\uc77c", "al_price": "1,832.75"}, {"date": "2019\ub144 04\uc6d4 16\uc77c", "al_price": "1,837.75"}, {"date": "2019\ub144 04\uc6d4 15\uc77c", "al_price": "1,845.00"}, {"date": "2019\ub144 04\uc6d4 12\uc77c", "al_price": "1,844.50"}, {"date": "2019\ub144 04\uc6d4 11\uc77c", "al_price": "1,841.25"}, {"date": "2019\ub144 04\uc6d4 10\uc77c", "al_price": "1,842.00"}, {"date": "2019\ub144 04\uc6d4 09\uc77c", "al_price": "1,854.50"}, {"date": "2019\ub144 04\uc6d4 08\uc77c", "al_price": "1,848.25"}, {"date": "2019\ub144 04\uc6d4 05\uc77c", "al_price": "1,882.75"}, {"date": "2019\ub144 04\uc6d4 04\uc77c", "al_price": "1,877.50"}, {"date": "2019\ub144 04\uc6d4 03\uc77c", "al_price": "1,878.50"}, {"date": "2019\ub144 04\uc6d4 02\uc77c", "al_price": "1,869.50"}, {"date": "2019\ub144 04\uc6d4 01\uc77c", "al_price": "1,883.00"}, {"date": "2019\ub144 03\uc6d4 29\uc77c", "al_price": "1,900.25"}, {"date": "2019\ub144 03\uc6d4 28\uc77c", "al_price": "1,893.75"}, {"date": "2019\ub144 03\uc6d4 27\uc77c", "al_price": "1,902.50"}, {"date": "2019\ub144 03\uc6d4 26\uc77c", "al_price": "1,875.75"}, {"date": "2019\ub144 03\uc6d4 25\uc77c", "al_price": "1,865.25"}, {"date": "2019\ub144 03\uc6d4 22\uc77c", "al_price": "1,888.00"}, {"date": "2019\ub144 03\uc6d4 21\uc77c", "al_price": "1,885.25"}, {"date": "2019\ub144 03\uc6d4 20\uc77c", "al_price": "1,926.00"}, {"date": "2019\ub144 03\uc6d4 19\uc77c", "al_price": "1,935.50"}, {"date": "2019\ub144 03\uc6d4 18\uc77c", "al_price": "1,911.25"}, {"date": "2019\ub144 03\uc6d4 15\uc77c", "al_price": "1,886.50"}, {"date": "2019\ub144 03\uc6d4 14\uc77c", "al_price": "1,878.25"}, {"date": "2019\ub144 03\uc6d4 13\uc77c", "al_price": "1,883.25"}, {"date": "2019\ub144 03\uc6d4 12\uc77c", "al_price": "1,850.00"}, {"date": "2019\ub144 03\uc6d4 11\uc77c", "al_price": "1,819.75"}, {"date": "2019\ub144 03\uc6d4 08\uc77c", "al_price": "1,845.25"}, {"date": "2019\ub144 03\uc6d4 07\uc77c", "al_price": "1,840.00"}, {"date": "2019\ub144 03\uc6d4 06\uc77c", "al_price": "1,842.75"}, {"date": "2019\ub144 03\uc6d4 05\uc77c", "al_price": "1,851.75"}, {"date": "2019\ub144 03\uc6d4 04\uc77c", "al_price": "1,855.00"}, {"date": "2019\ub144 03\uc6d4 01\uc77c", "al_price": "1,900.75"}, {"date": "2019\ub144 02\uc6d4 28\uc77c", "al_price": "1,894.75"}, {"date": "2019\ub144 02\uc6d4 27\uc77c", "al_price": "1,904.50"}, {"date": "2019\ub144 02\uc6d4 26\uc77c", "al_price": "1,893.00"}, {"date": "2019\ub144 02\uc6d4 25\uc77c", "al_price": "1,888.50"}, {"date": "2019\ub144 02\uc6d4 22\uc77c", "al_price": "1,897.50"}, {"date": "2019\ub144 02\uc6d4 21\uc77c", "al_price": "1,893.25"}, {"date": "2019\ub144 02\uc6d4 20\uc77c", "al_price": "1,855.00"}, {"date": "2019\ub144 02\uc6d4 19\uc77c", "al_price": "1,840.00"}, {"date": "2019\ub144 02\uc6d4 18\uc77c", "al_price": "1,837.75"}, {"date": "2019\ub144 02\uc6d4 15\uc77c", "al_price": "1,825.75"}, {"date": "2019\ub144 02\uc6d4 14\uc77c", "al_price": "1,821.50"}, {"date": "2019\ub144 02\uc6d4 13\uc77c", "al_price": "1,836.50"}, {"date": "2019\ub144 02\uc6d4 12\uc77c", "al_price": "1,836.75"}, {"date": "2019\ub144 02\uc6d4 11\uc77c", "al_price": "1,860.75"}, {"date": "2019\ub144 02\uc6d4 08\uc77c", "al_price": "1,879.75"}, {"date": "2019\ub144 02\uc6d4 07\uc77c", "al_price": "1,878.00"}, {"date": "2019\ub144 02\uc6d4 06\uc77c", "al_price": "1,890.00"}, {"date": "2019\ub144 02\uc6d4 05\uc77c", "al_price": "1,907.25"}, {"date": "2019\ub144 02\uc6d4 04\uc77c", "al_price": "1,903.50"}, {"date": "2019\ub144 02\uc6d4 01\uc77c", "al_price": "1,867.25"}, {"date": "2019\ub144 01\uc6d4 31\uc77c", "al_price": "1,901.00"}, {"date": "2019\ub144 01\uc6d4 30\uc77c", "al_price": "1,899.75"}, {"date": "2019\ub144 01\uc6d4 29\uc77c", "al_price": "1,882.25"}, {"date": "2019\ub144 01\uc6d4 28\uc77c", "al_price": "1,856.50"}, {"date": "2019\ub144 01\uc6d4 25\uc77c", "al_price": "1,912.75"}, {"date": "2019\ub144 01\uc6d4 24\uc77c", "al_price": "1,884.75"}, {"date": "2019\ub144 01\uc6d4 23\uc77c", "al_price": "1,907.25"}, {"date": "2019\ub144 01\uc6d4 22\uc77c", "al_price": "1,883.50"}, {"date": "2019\ub144 01\uc6d4 21\uc77c", "al_price": "1,850.50"}, {"date": "2019\ub144 01\uc6d4 18\uc77c", "al_price": "1,870.00"}, {"date": "2019\ub144 01\uc6d4 17\uc77c", "al_price": "1,853.25"}, {"date": "2019\ub144 01\uc6d4 16\uc77c", "al_price": "1,852.25"}, {"date": "2019\ub144 01\uc6d4 15\uc77c", "al_price": "1,840.25"}, {"date": "2019\ub144 01\uc6d4 14\uc77c", "al_price": "1,818.00"}, {"date": "2019\ub144 01\uc6d4 11\uc77c", "al_price": "1,813.50"}, {"date": "2019\ub144 01\uc6d4 10\uc77c", "al_price": "1,840.75"}, {"date": "2019\ub144 01\uc6d4 09\uc77c", "al_price": "1,831.25"}, {"date": "2019\ub144 01\uc6d4 08\uc77c", "al_price": "1,842.25"}, {"date": "2019\ub144 01\uc6d4 07\uc77c", "al_price": "1,860.25"}, {"date": "2019\ub144 01\uc6d4 04\uc77c", "al_price": "1,850.25"}, {"date": "2019\ub144 01\uc6d4 03\uc77c", "al_price": "1,817.50"}, {"date": "2019\ub144 01\uc6d4 02\uc77c", "al_price": "1,773.00"}, {"date": "2018\ub144 12\uc6d4 31\uc77c", "al_price": "1,822.75"}, {"date": "2018\ub144 12\uc6d4 27\uc77c", "al_price": "1,827.50"}, {"date": "2018\ub144 12\uc6d4 24\uc77c", "al_price": "1,869.75"}, {"date": "2018\ub144 12\uc6d4 21\uc77c", "al_price": "1,885.75"}, {"date": "2018\ub144 12\uc6d4 20\uc77c", "al_price": "1,888.25"}, {"date": "2018\ub144 12\uc6d4 19\uc77c", "al_price": "1,902.50"}, {"date": "2018\ub144 12\uc6d4 18\uc77c", "al_price": "1,899.75"}, {"date": "2018\ub144 12\uc6d4 17\uc77c", "al_price": "1,918.25"}, {"date": "2018\ub144 12\uc6d4 14\uc77c", "al_price": "1,901.25"}, {"date": "2018\ub144 12\uc6d4 13\uc77c", "al_price": "1,915.00"}, {"date": "2018\ub144 12\uc6d4 12\uc77c", "al_price": "1,925.25"}, {"date": "2018\ub144 12\uc6d4 11\uc77c", "al_price": "1,931.50"}, {"date": "2018\ub144 12\uc6d4 10\uc77c", "al_price": "1,933.75"}, {"date": "2018\ub144 12\uc6d4 07\uc77c", "al_price": "1,956.50"}, {"date": "2018\ub144 12\uc6d4 06\uc77c", "al_price": "1,943.00"}, {"date": "2018\ub144 12\uc6d4 05\uc77c", "al_price": "1,977.25"}, {"date": "2018\ub144 12\uc6d4 04\uc77c", "al_price": "1,981.25"}, {"date": "2018\ub144 12\uc6d4 03\uc77c", "al_price": "1,981.75"}, {"date": "2018\ub144 11\uc6d4 30\uc77c", "al_price": "1,966.75"}, {"date": "2018\ub144 11\uc6d4 29\uc77c", "al_price": "1,946.75"}, {"date": "2018\ub144 11\uc6d4 28\uc77c", "al_price": "1,936.75"}, {"date": "2018\ub144 11\uc6d4 27\uc77c", "al_price": "1,932.00"}, {"date": "2018\ub144 11\uc6d4 26\uc77c", "al_price": "1,952.50"}, {"date": "2018\ub144 11\uc6d4 23\uc77c", "al_price": "1,951.25"}, {"date": "2018\ub144 11\uc6d4 22\uc77c", "al_price": "1,950.25"}, {"date": "2018\ub144 11\uc6d4 21\uc77c", "al_price": "1,958.25"}, {"date": "2018\ub144 11\uc6d4 20\uc77c", "al_price": "1,944.25"}, {"date": "2018\ub144 11\uc6d4 19\uc77c", "al_price": "1,932.50"}, {"date": "2018\ub144 11\uc6d4 16\uc77c", "al_price": "1,937.00"}, {"date": "2018\ub144 11\uc6d4 15\uc77c", "al_price": "1,908.50"}, {"date": "2018\ub144 11\uc6d4 14\uc77c", "al_price": "1,929.50"}, {"date": "2018\ub144 11\uc6d4 13\uc77c", "al_price": "1,926.00"}, {"date": "2018\ub144 11\uc6d4 12\uc77c", "al_price": "1,934.00"}, {"date": "2018\ub144 11\uc6d4 09\uc77c", "al_price": "1,950.50"}, {"date": "2018\ub144 11\uc6d4 08\uc77c", "al_price": "1,984.50"}, {"date": "2018\ub144 11\uc6d4 07\uc77c", "al_price": "1,977.75"}, {"date": "2018\ub144 11\uc6d4 06\uc77c", "al_price": "1,942.00"}, {"date": "2018\ub144 11\uc6d4 05\uc77c", "al_price": "1,964.00"}, {"date": "2018\ub144 11\uc6d4 02\uc77c", "al_price": "1,968.50"}, {"date": "2018\ub144 11\uc6d4 01\uc77c", "al_price": "1,958.25"}, {"date": "2018\ub144 10\uc6d4 31\uc77c", "al_price": "1,947.00"}, {"date": "2018\ub144 10\uc6d4 30\uc77c", "al_price": "1,959.50"}, {"date": "2018\ub144 10\uc6d4 29\uc77c", "al_price": "1,975.75"}, {"date": "2018\ub144 10\uc6d4 26\uc77c", "al_price": "1,994.25"}, {"date": "2018\ub144 10\uc6d4 25\uc77c", "al_price": "1,985.75"}, {"date": "2018\ub144 10\uc6d4 24\uc77c", "al_price": "1,992.00"}, {"date": "2018\ub144 10\uc6d4 23\uc77c", "al_price": "1,997.00"}, {"date": "2018\ub144 10\uc6d4 22\uc77c", "al_price": "2,010.00"}, {"date": "2018\ub144 10\uc6d4 19\uc77c", "al_price": "2,010.50"}, {"date": "2018\ub144 10\uc6d4 18\uc77c", "al_price": "2,023.25"}, {"date": "2018\ub144 10\uc6d4 17\uc77c", "al_price": "2,030.75"}, {"date": "2018\ub144 10\uc6d4 16\uc77c", "al_price": "2,039.00"}, {"date": "2018\ub144 10\uc6d4 15\uc77c", "al_price": "2,031.00"}, {"date": "2018\ub144 10\uc6d4 12\uc77c", "al_price": "2,034.50"}, {"date": "2018\ub144 10\uc6d4 11\uc77c", "al_price": "2,014.50"}, {"date": "2018\ub144 10\uc6d4 10\uc77c", "al_price": "2,044.00"}, {"date": "2018\ub144 10\uc6d4 09\uc77c", "al_price": "2,053.00"}, {"date": "2018\ub144 10\uc6d4 08\uc77c", "al_price": "2,067.50"}, {"date": "2018\ub144 10\uc6d4 05\uc77c", "al_price": "2,132.00"}, {"date": "2018\ub144 10\uc6d4 04\uc77c", "al_price": "2,171.50"}, {"date": "2018\ub144 10\uc6d4 03\uc77c", "al_price": "2,205.00"}, {"date": "2018\ub144 10\uc6d4 02\uc77c", "al_price": "2,109.50"}, {"date": "2018\ub144 10\uc6d4 01\uc77c", "al_price": "2,079.00"}, {"date": "2018\ub144 09\uc6d4 28\uc77c", "al_price": "2,056.00"}, {"date": "2018\ub144 09\uc6d4 27\uc77c", "al_price": "2,020.00"}, {"date": "2018\ub144 09\uc6d4 26\uc77c", "al_price": "2,053.75"}, {"date": "2018\ub144 09\uc6d4 25\uc77c", "al_price": "2,054.00"}, {"date": "2018\ub144 09\uc6d4 24\uc77c", "al_price": "2,041.50"}, {"date": "2018\ub144 09\uc6d4 21\uc77c", "al_price": "2,074.50"}, {"date": "2018\ub144 09\uc6d4 20\uc77c", "al_price": "2,023.50"}, {"date": "2018\ub144 09\uc6d4 19\uc77c", "al_price": "2,003.00"}, {"date": "2018\ub144 09\uc6d4 18\uc77c", "al_price": "2,012.50"}, {"date": "2018\ub144 09\uc6d4 17\uc77c", "al_price": "2,012.25"}, {"date": "2018\ub144 09\uc6d4 14\uc77c", "al_price": "2,007.00"}, {"date": "2018\ub144 09\uc6d4 13\uc77c", "al_price": "2,029.00"}, {"date": "2018\ub144 09\uc6d4 12\uc77c", "al_price": "2,028.00"}, {"date": "2018\ub144 09\uc6d4 11\uc77c", "al_price": "2,008.50"}, {"date": "2018\ub144 09\uc6d4 10\uc77c", "al_price": "2,060.25"}, {"date": "2018\ub144 09\uc6d4 07\uc77c", "al_price": "2,036.25"}, {"date": "2018\ub144 09\uc6d4 06\uc77c", "al_price": "2,008.00"}, {"date": "2018\ub144 09\uc6d4 05\uc77c", "al_price": "2,044.25"}, {"date": "2018\ub144 09\uc6d4 04\uc77c", "al_price": "2,039.75"}, {"date": "2018\ub144 09\uc6d4 03\uc77c", "al_price": "2,076.25"}, {"date": "2018\ub144 08\uc6d4 31\uc77c", "al_price": "2,109.50"}, {"date": "2018\ub144 08\uc6d4 30\uc77c", "al_price": "2,118.25"}, {"date": "2018\ub144 08\uc6d4 29\uc77c", "al_price": "2,156.75"}, {"date": "2018\ub144 08\uc6d4 28\uc77c", "al_price": "2,119.00"}, {"date": "2018\ub144 08\uc6d4 24\uc77c", "al_price": "2,081.75"}, {"date": "2018\ub144 08\uc6d4 23\uc77c", "al_price": "2,061.75"}, {"date": "2018\ub144 08\uc6d4 22\uc77c", "al_price": "2,052.00"}, {"date": "2018\ub144 08\uc6d4 21\uc77c", "al_price": "2,041.50"}, {"date": "2018\ub144 08\uc6d4 20\uc77c", "al_price": "2,044.00"}, {"date": "2018\ub144 08\uc6d4 17\uc77c", "al_price": "2,018.25"}, {"date": "2018\ub144 08\uc6d4 16\uc77c", "al_price": "2,038.00"}, {"date": "2018\ub144 08\uc6d4 15\uc77c", "al_price": "2,015.50"}, {"date": "2018\ub144 08\uc6d4 14\uc77c", "al_price": "2,064.00"}, {"date": "2018\ub144 08\uc6d4 13\uc77c", "al_price": "2,082.50"}, {"date": "2018\ub144 08\uc6d4 10\uc77c", "al_price": "2,088.00"}, {"date": "2018\ub144 08\uc6d4 09\uc77c", "al_price": "2,062.25"}, {"date": "2018\ub144 08\uc6d4 08\uc77c", "al_price": "2,087.75"}, {"date": "2018\ub144 08\uc6d4 07\uc77c", "al_price": "2,017.25"}, {"date": "2018\ub144 08\uc6d4 06\uc77c", "al_price": "2,020.50"}, {"date": "2018\ub144 08\uc6d4 03\uc77c", "al_price": "2,007.25"}, {"date": "2018\ub144 08\uc6d4 02\uc77c", "al_price": "2,015.25"}, {"date": "2018\ub144 08\uc6d4 01\uc77c", "al_price": "2,036.00"}, {"date": "2018\ub144 07\uc6d4 31\uc77c", "al_price": "2,067.25"}, {"date": "2018\ub144 07\uc6d4 30\uc77c", "al_price": "2,080.50"}, {"date": "2018\ub144 07\uc6d4 27\uc77c", "al_price": "2,058.50"}, {"date": "2018\ub144 07\uc6d4 26\uc77c", "al_price": "2,053.00"}, {"date": "2018\ub144 07\uc6d4 25\uc77c", "al_price": "2,047.50"}, {"date": "2018\ub144 07\uc6d4 24\uc77c", "al_price": "2,072.00"}, {"date": "2018\ub144 07\uc6d4 23\uc77c", "al_price": "2,057.75"}, {"date": "2018\ub144 07\uc6d4 20\uc77c", "al_price": "2,024.00"}, {"date": "2018\ub144 07\uc6d4 19\uc77c", "al_price": "1,986.75"}, {"date": "2018\ub144 07\uc6d4 18\uc77c", "al_price": "2,011.75"}, {"date": "2018\ub144 07\uc6d4 17\uc77c", "al_price": "2,016.50"}, {"date": "2018\ub144 07\uc6d4 16\uc77c", "al_price": "2,039.50"}, {"date": "2018\ub144 07\uc6d4 13\uc77c", "al_price": "2,066.75"}, {"date": "2018\ub144 07\uc6d4 12\uc77c", "al_price": "2,092.75"}, {"date": "2018\ub144 07\uc6d4 11\uc77c", "al_price": "2,100.50"}, {"date": "2018\ub144 07\uc6d4 10\uc77c", "al_price": "2,117.00"}, {"date": "2018\ub144 07\uc6d4 09\uc77c", "al_price": "2,146.50"}, {"date": "2018\ub144 07\uc6d4 06\uc77c", "al_price": "2,111.25"}, {"date": "2018\ub144 07\uc6d4 05\uc77c", "al_price": "2,105.00"}, {"date": "2018\ub144 07\uc6d4 04\uc77c", "al_price": "2,118.00"}, {"date": "2018\ub144 07\uc6d4 03\uc77c", "al_price": "2,105.50"}, {"date": "2018\ub144 07\uc6d4 02\uc77c", "al_price": "2,130.00"}, {"date": "2018\ub144 06\uc6d4 29\uc77c", "al_price": "2,164.00"}, {"date": "2018\ub144 06\uc6d4 28\uc77c", "al_price": "2,181.25"}, {"date": "2018\ub144 06\uc6d4 27\uc77c", "al_price": "2,199.00"}, {"date": "2018\ub144 06\uc6d4 26\uc77c", "al_price": "2,177.75"}, {"date": "2018\ub144 06\uc6d4 25\uc77c", "al_price": "2,174.00"}, {"date": "2018\ub144 06\uc6d4 22\uc77c", "al_price": "2,193.25"}, {"date": "2018\ub144 06\uc6d4 21\uc77c", "al_price": "2,195.00"}, {"date": "2018\ub144 06\uc6d4 20\uc77c", "al_price": "2,182.50"}, {"date": "2018\ub144 06\uc6d4 19\uc77c", "al_price": "2,187.25"}, {"date": "2018\ub144 06\uc6d4 18\uc77c", "al_price": "2,238.25"}, {"date": "2018\ub144 06\uc6d4 15\uc77c", "al_price": "2,206.00"}, {"date": "2018\ub144 06\uc6d4 14\uc77c", "al_price": "2,263.75"}, {"date": "2018\ub144 06\uc6d4 13\uc77c", "al_price": "2,285.25"}, {"date": "2018\ub144 06\uc6d4 12\uc77c", "al_price": "2,309.00"}, {"date": "2018\ub144 06\uc6d4 11\uc77c", "al_price": "2,308.00"}, {"date": "2018\ub144 06\uc6d4 08\uc77c", "al_price": "2,302.00"}, {"date": "2018\ub144 06\uc6d4 07\uc77c", "al_price": "2,309.25"}, {"date": "2018\ub144 06\uc6d4 06\uc77c", "al_price": "2,351.00"}, {"date": "2018\ub144 06\uc6d4 05\uc77c", "al_price": "2,316.75"}, {"date": "2018\ub144 06\uc6d4 04\uc77c", "al_price": "2,327.00"}, {"date": "2018\ub144 06\uc6d4 01\uc77c", "al_price": "2,318.00"}, {"date": "2018\ub144 05\uc6d4 31\uc77c", "al_price": "2,298.25"}, {"date": "2018\ub144 05\uc6d4 30\uc77c", "al_price": "2,274.50"}, {"date": "2018\ub144 05\uc6d4 29\uc77c", "al_price": "2,278.25"}, {"date": "2018\ub144 05\uc6d4 25\uc77c", "al_price": "2,267.50"}, {"date": "2018\ub144 05\uc6d4 24\uc77c", "al_price": "2,292.75"}, {"date": "2018\ub144 05\uc6d4 23\uc77c", "al_price": "2,276.50"}, {"date": "2018\ub144 05\uc6d4 22\uc77c", "al_price": "2,275.25"}, {"date": "2018\ub144 05\uc6d4 21\uc77c", "al_price": "2,290.75"}, {"date": "2018\ub144 05\uc6d4 18\uc77c", "al_price": "2,280.25"}, {"date": "2018\ub144 05\uc6d4 17\uc77c", "al_price": "2,315.00"}, {"date": "2018\ub144 05\uc6d4 16\uc77c", "al_price": "2,349.00"}, {"date": "2018\ub144 05\uc6d4 15\uc77c", "al_price": "2,343.00"}, {"date": "2018\ub144 05\uc6d4 14\uc77c", "al_price": "2,330.00"}, {"date": "2018\ub144 05\uc6d4 11\uc77c", "al_price": "2,278.75"}, {"date": "2018\ub144 05\uc6d4 10\uc77c", "al_price": "2,331.25"}, {"date": "2018\ub144 05\uc6d4 09\uc77c", "al_price": "2,377.00"}, {"date": "2018\ub144 05\uc6d4 08\uc77c", "al_price": "2,384.75"}, {"date": "2018\ub144 05\uc6d4 04\uc77c", "al_price": "2,374.00"}, {"date": "2018\ub144 05\uc6d4 03\uc77c", "al_price": "2,275.00"}, {"date": "2018\ub144 05\uc6d4 02\uc77c", "al_price": "2,333.00"}, {"date": "2018\ub144 05\uc6d4 01\uc77c", "al_price": "2,266.50"}, {"date": "2018\ub144 04\uc6d4 30\uc77c", "al_price": "2,263.50"}, {"date": "2018\ub144 04\uc6d4 27\uc77c", "al_price": "2,227.00"}, {"date": "2018\ub144 04\uc6d4 26\uc77c", "al_price": "2,279.50"}, {"date": "2018\ub144 04\uc6d4 25\uc77c", "al_price": "2,244.50"}, {"date": "2018\ub144 04\uc6d4 24\uc77c", "al_price": "2,224.50"}, {"date": "2018\ub144 04\uc6d4 23\uc77c", "al_price": "2,296.00"}, {"date": "2018\ub144 04\uc6d4 20\uc77c", "al_price": "2,485.00"}, {"date": "2018\ub144 04\uc6d4 19\uc77c", "al_price": "2,498.50"}, {"date": "2018\ub144 04\uc6d4 18\uc77c", "al_price": "2,548.00"}, {"date": "2018\ub144 04\uc6d4 17\uc77c", "al_price": "2,412.00"}, {"date": "2018\ub144 04\uc6d4 16\uc77c", "al_price": "2,410.00"}, {"date": "2018\ub144 04\uc6d4 13\uc77c", "al_price": "2,291.00"}, {"date": "2018\ub144 04\uc6d4 12\uc77c", "al_price": "2,371.00"}, {"date": "2018\ub144 04\uc6d4 11\uc77c", "al_price": "2,257.00"}, {"date": "2018\ub144 04\uc6d4 10\uc77c", "al_price": "2,208.25"}, {"date": "2018\ub144 04\uc6d4 09\uc77c", "al_price": "2,151.00"}, {"date": "2018\ub144 04\uc6d4 06\uc77c", "al_price": "2,026.25"}, {"date": "2018\ub144 04\uc6d4 05\uc77c", "al_price": "1,991.75"}, {"date": "2018\ub144 04\uc6d4 04\uc77c", "al_price": "1,975.25"}, {"date": "2018\ub144 04\uc6d4 03\uc77c", "al_price": "1,965.25"}, {"date": "2018\ub144 03\uc6d4 29\uc77c", "al_price": "1,990.75"}, {"date": "2018\ub144 03\uc6d4 28\uc77c", "al_price": "2,011.75"}, {"date": "2018\ub144 03\uc6d4 27\uc77c", "al_price": "2,027.25"}, {"date": "2018\ub144 03\uc6d4 26\uc77c", "al_price": "2,036.25"}, {"date": "2018\ub144 03\uc6d4 23\uc77c", "al_price": "2,036.75"}, {"date": "2018\ub144 03\uc6d4 22\uc77c", "al_price": "2,062.00"}, {"date": "2018\ub144 03\uc6d4 21\uc77c", "al_price": "2,069.50"}, {"date": "2018\ub144 03\uc6d4 20\uc77c", "al_price": "2,063.75"}, {"date": "2018\ub144 03\uc6d4 19\uc77c", "al_price": "2,076.50"}, {"date": "2018\ub144 03\uc6d4 16\uc77c", "al_price": "2,073.50"}, {"date": "2018\ub144 03\uc6d4 15\uc77c", "al_price": "2,064.25"}, {"date": "2018\ub144 03\uc6d4 14\uc77c", "al_price": "2,071.50"}, {"date": "2018\ub144 03\uc6d4 12\uc77c", "al_price": "2,072.50"}, {"date": "2018\ub144 03\uc6d4 09\uc77c", "al_price": "2,104.50"}, {"date": "2018\ub144 03\uc6d4 08\uc77c", "al_price": "2,090.75"}, {"date": "2018\ub144 03\uc6d4 07\uc77c", "al_price": "2,082.50"}, {"date": "2018\ub144 03\uc6d4 06\uc77c", "al_price": "2,135.50"}, {"date": "2018\ub144 03\uc6d4 05\uc77c", "al_price": "2,138.00"}, {"date": "2018\ub144 03\uc6d4 02\uc77c", "al_price": "2,144.25"}, {"date": "2018\ub144 03\uc6d4 01\uc77c", "al_price": "2,143.25"}, {"date": "2018\ub144 02\uc6d4 28\uc77c", "al_price": "2,129.50"}, {"date": "2018\ub144 02\uc6d4 27\uc77c", "al_price": "2,139.50"}, {"date": "2018\ub144 02\uc6d4 26\uc77c", "al_price": "2,131.25"}, {"date": "2018\ub144 02\uc6d4 23\uc77c", "al_price": "2,134.00"}, {"date": "2018\ub144 02\uc6d4 22\uc77c", "al_price": "2,181.50"}, {"date": "2018\ub144 02\uc6d4 21\uc77c", "al_price": "2,199.25"}, {"date": "2018\ub144 02\uc6d4 20\uc77c", "al_price": "2,186.00"}, {"date": "2018\ub144 02\uc6d4 19\uc77c", "al_price": "2,214.00"}, {"date": "2018\ub144 02\uc6d4 16\uc77c", "al_price": "2,207.00"}, {"date": "2018\ub144 02\uc6d4 15\uc77c", "al_price": "2,163.75"}, {"date": "2018\ub144 02\uc6d4 14\uc77c", "al_price": "2,175.50"}, {"date": "2018\ub144 02\uc6d4 13\uc77c", "al_price": "2,133.75"}, {"date": "2018\ub144 02\uc6d4 12\uc77c", "al_price": "2,123.75"}, {"date": "2018\ub144 02\uc6d4 09\uc77c", "al_price": "2,124.25"}, {"date": "2018\ub144 02\uc6d4 08\uc77c", "al_price": "2,178.50"}, {"date": "2018\ub144 02\uc6d4 07\uc77c", "al_price": "2,165.00"}, {"date": "2018\ub144 02\uc6d4 06\uc77c", "al_price": "2,174.75"}, {"date": "2018\ub144 02\uc6d4 05\uc77c", "al_price": "2,212.75"}, {"date": "2018\ub144 02\uc6d4 02\uc77c", "al_price": "2,212.50"}, {"date": "2018\ub144 02\uc6d4 01\uc77c", "al_price": "2,228.00"}, {"date": "2018\ub144 01\uc6d4 31\uc77c", "al_price": "2,223.50"}, {"date": "2018\ub144 01\uc6d4 30\uc77c", "al_price": "2,208.00"}, {"date": "2018\ub144 01\uc6d4 29\uc77c", "al_price": "2,226.50"}, {"date": "2018\ub144 01\uc6d4 26\uc77c", "al_price": "2,259.75"}, {"date": "2018\ub144 01\uc6d4 25\uc77c", "al_price": "2,243.25"}, {"date": "2018\ub144 01\uc6d4 24\uc77c", "al_price": "2,251.50"}, {"date": "2018\ub144 01\uc6d4 23\uc77c", "al_price": "2,230.50"}, {"date": "2018\ub144 01\uc6d4 22\uc77c", "al_price": "2,249.50"}, {"date": "2018\ub144 01\uc6d4 19\uc77c", "al_price": "2,222.00"}, {"date": "2018\ub144 01\uc6d4 18\uc77c", "al_price": "2,247.00"}, {"date": "2018\ub144 01\uc6d4 17\uc77c", "al_price": "2,196.75"}, {"date": "2018\ub144 01\uc6d4 16\uc77c", "al_price": "2,186.50"}, {"date": "2018\ub144 01\uc6d4 15\uc77c", "al_price": "2,224.75"}, {"date": "2018\ub144 01\uc6d4 12\uc77c", "al_price": "2,210.25"}, {"date": "2018\ub144 01\uc6d4 11\uc77c", "al_price": "2,165.25"}, {"date": "2018\ub144 01\uc6d4 10\uc77c", "al_price": "2,170.50"}, {"date": "2018\ub144 01\uc6d4 09\uc77c", "al_price": "2,138.00"}, {"date": "2018\ub144 01\uc6d4 08\uc77c", "al_price": "2,161.25"}, {"date": "2018\ub144 01\uc6d4 05\uc77c", "al_price": "2,190.25"}, {"date": "2018\ub144 01\uc6d4 04\uc77c", "al_price": "2,237.00"}, {"date": "2018\ub144 01\uc6d4 03\uc77c", "al_price": "2,215.25"}, {"date": "2018\ub144 01\uc6d4 02\uc77c", "al_price": "2,253.75"}, {"date": "2017\ub144 12\uc6d4 29\uc77c", "al_price": "2,258.25"}, {"date": "2017\ub144 12\uc6d4 28\uc77c", "al_price": "2,276.00"}, {"date": "2017\ub144 12\uc6d4 27\uc77c", "al_price": "2,244.50"}, {"date": "2017\ub144 12\uc6d4 22\uc77c", "al_price": "2,183.75"}, {"date": "2017\ub144 12\uc6d4 21\uc77c", "al_price": "2,136.75"}, {"date": "2017\ub144 12\uc6d4 20\uc77c", "al_price": "2,110.25"}, {"date": "2017\ub144 12\uc6d4 19\uc77c", "al_price": "2,086.75"}, {"date": "2017\ub144 12\uc6d4 18\uc77c", "al_price": "2,062.50"}, {"date": "2017\ub144 12\uc6d4 15\uc77c", "al_price": "2,055.50"}, {"date": "2017\ub144 12\uc6d4 14\uc77c", "al_price": "2,033.75"}, {"date": "2017\ub144 12\uc6d4 13\uc77c", "al_price": "1,990.75"}, {"date": "2017\ub144 12\uc6d4 12\uc77c", "al_price": "1,996.75"}, {"date": "2017\ub144 12\uc6d4 11\uc77c", "al_price": "2,002.50"}, {"date": "2017\ub144 12\uc6d4 08\uc77c", "al_price": "1,993.25"}, {"date": "2017\ub144 12\uc6d4 07\uc77c", "al_price": "1,993.00"}, {"date": "2017\ub144 12\uc6d4 06\uc77c", "al_price": "2,002.50"}, {"date": "2017\ub144 12\uc6d4 05\uc77c", "al_price": "2,036.00"}, {"date": "2017\ub144 12\uc6d4 04\uc77c", "al_price": "2,052.75"}, {"date": "2017\ub144 12\uc6d4 01\uc77c", "al_price": "2,059.50"}, {"date": "2017\ub144 11\uc6d4 30\uc77c", "al_price": "2,033.00"}, {"date": "2017\ub144 11\uc6d4 29\uc77c", "al_price": "2,054.50"}, {"date": "2017\ub144 11\uc6d4 28\uc77c", "al_price": "2,089.50"}, {"date": "2017\ub144 11\uc6d4 27\uc77c", "al_price": "2,122.75"}, {"date": "2017\ub144 11\uc6d4 24\uc77c", "al_price": "2,120.75"}, {"date": "2017\ub144 11\uc6d4 23\uc77c", "al_price": "2,101.50"}, {"date": "2017\ub144 11\uc6d4 22\uc77c", "al_price": "2,095.25"}, {"date": "2017\ub144 11\uc6d4 21\uc77c", "al_price": "2,070.50"}, {"date": "2017\ub144 11\uc6d4 20\uc77c", "al_price": "2,074.50"}, {"date": "2017\ub144 11\uc6d4 17\uc77c", "al_price": "2,092.50"}, {"date": "2017\ub144 11\uc6d4 16\uc77c", "al_price": "2,091.00"}, {"date": "2017\ub144 11\uc6d4 15\uc77c", "al_price": "2,094.00"}, {"date": "2017\ub144 11\uc6d4 14\uc77c", "al_price": "2,070.00"}, {"date": "2017\ub144 11\uc6d4 13\uc77c", "al_price": "2,097.10"}, {"date": "2017\ub144 11\uc6d4 10\uc77c", "al_price": "2,090.00"}, {"date": "2017\ub144 11\uc6d4 09\uc77c", "al_price": "2,077.00"}, {"date": "2017\ub144 11\uc6d4 08\uc77c", "al_price": "2,093.25"}, {"date": "2017\ub144 11\uc6d4 07\uc77c", "al_price": "2,115.75"}, {"date": "2017\ub144 11\uc6d4 06\uc77c", "al_price": "2,155.00"}, {"date": "2017\ub144 11\uc6d4 03\uc77c", "al_price": "2,170.00"}, {"date": "2017\ub144 11\uc6d4 02\uc77c", "al_price": "2,159.10"}, {"date": "2017\ub144 11\uc6d4 01\uc77c", "al_price": "2,172.50"}, {"date": "2017\ub144 10\uc6d4 31\uc77c", "al_price": "2,146.25"}, {"date": "2017\ub144 10\uc6d4 30\uc77c", "al_price": "2,149.25"}, {"date": "2017\ub144 10\uc6d4 27\uc77c", "al_price": "2,156.25"}, {"date": "2017\ub144 10\uc6d4 26\uc77c", "al_price": "2,180.50"}, {"date": "2017\ub144 10\uc6d4 25\uc77c", "al_price": "2,176.75"}, {"date": "2017\ub144 10\uc6d4 24\uc77c", "al_price": "2,144.50"}, {"date": "2017\ub144 10\uc6d4 20\uc77c", "al_price": "2,125.25"}, {"date": "2017\ub144 10\uc6d4 17\uc77c", "al_price": "2,123.75"}, {"date": "2017\ub144 10\uc6d4 16\uc77c", "al_price": "2,119.50"}, {"date": "2017\ub144 10\uc6d4 13\uc77c", "al_price": "2,110.25"}, {"date": "2017\ub144 10\uc6d4 12\uc77c", "al_price": "2,122.75"}, {"date": "2017\ub144 10\uc6d4 11\uc77c", "al_price": "2,107.25"}, {"date": "2017\ub144 10\uc6d4 10\uc77c", "al_price": "2,140.75"}, {"date": "2017\ub144 10\uc6d4 09\uc77c", "al_price": "2,153.00"}, {"date": "2017\ub144 10\uc6d4 05\uc77c", "al_price": "2,151.50"}, {"date": "2017\ub144 10\uc6d4 04\uc77c", "al_price": "2,147.75"}, {"date": "2017\ub144 10\uc6d4 03\uc77c", "al_price": "2,116.25"}, {"date": "2017\ub144 10\uc6d4 02\uc77c", "al_price": "2,085.75"}, {"date": "2017\ub144 09\uc6d4 29\uc77c", "al_price": "2,081.00"}, {"date": "2017\ub144 09\uc6d4 28\uc77c", "al_price": "2,109.75"}, {"date": "2017\ub144 09\uc6d4 27\uc77c", "al_price": "2,110.00"}, {"date": "2017\ub144 09\uc6d4 26\uc77c", "al_price": "2,105.00"}, {"date": "2017\ub144 09\uc6d4 25\uc77c", "al_price": "2,129.50"}, {"date": "2017\ub144 09\uc6d4 22\uc77c", "al_price": "2,141.50"}, {"date": "2017\ub144 09\uc6d4 21\uc77c", "al_price": "2,151.75"}, {"date": "2017\ub144 09\uc6d4 20\uc77c", "al_price": "2,157.25"}, {"date": "2017\ub144 09\uc6d4 19\uc77c", "al_price": "2,103.75"}, {"date": "2017\ub144 09\uc6d4 14\uc77c", "al_price": "2,068.25"}, {"date": "2017\ub144 09\uc6d4 13\uc77c", "al_price": "2,080.00"}, {"date": "2017\ub144 09\uc6d4 12\uc77c", "al_price": "2,106.50"}, {"date": "2017\ub144 09\uc6d4 08\uc77c", "al_price": "2,076.50"}, {"date": "2017\ub144 09\uc6d4 06\uc77c", "al_price": "2,087.75"}, {"date": "2017\ub144 09\uc6d4 05\uc77c", "al_price": "2,079.50"}, {"date": "2017\ub144 08\uc6d4 31\uc77c", "al_price": "2,103.25"}, {"date": "2017\ub144 08\uc6d4 29\uc77c", "al_price": "2,081.75"}, {"date": "2017\ub144 08\uc6d4 25\uc77c", "al_price": "2,057.25"}, {"date": "2017\ub144 08\uc6d4 24\uc77c", "al_price": "2,093.50"}, {"date": "2017\ub144 08\uc6d4 23\uc77c", "al_price": "2,084.25"}, {"date": "2017\ub144 08\uc6d4 21\uc77c", "al_price": "2,069.25"}, {"date": "2017\ub144 08\uc6d4 18\uc77c", "al_price": "2,051.50"}, {"date": "2017\ub144 08\uc6d4 16\uc77c", "al_price": "2,084.00"}, {"date": "2017\ub144 08\uc6d4 15\uc77c", "al_price": "2,038.25"}, {"date": "2017\ub144 08\uc6d4 11\uc77c", "al_price": "2,038.25"}, {"date": "2017\ub144 08\uc6d4 10\uc77c", "al_price": "2,032.75"}, {"date": "2017\ub144 08\uc6d4 09\uc77c", "al_price": "2,020.50"}, {"date": "2017\ub144 08\uc6d4 08\uc77c", "al_price": "2,019.25"}, {"date": "2017\ub144 08\uc6d4 07\uc77c", "al_price": "1,948.25"}, {"date": "2017\ub144 08\uc6d4 03\uc77c", "al_price": "1,897.50"}, {"date": "2017\ub144 08\uc6d4 02\uc77c", "al_price": "1,907.00"}, {"date": "2017\ub144 08\uc6d4 01\uc77c", "al_price": "1,888.25"}, {"date": "2017\ub144 07\uc6d4 31\uc77c", "al_price": "1,899.75"}, {"date": "2017\ub144 07\uc6d4 27\uc77c", "al_price": "1,921.25"}, {"date": "2017\ub144 07\uc6d4 26\uc77c", "al_price": "1,926.25"}, {"date": "2017\ub144 07\uc6d4 25\uc77c", "al_price": "1,914.25"}, {"date": "2017\ub144 07\uc6d4 24\uc77c", "al_price": "1,896.25"}, {"date": "2017\ub144 07\uc6d4 21\uc77c", "al_price": "1,899.75"}, {"date": "2017\ub144 07\uc6d4 20\uc77c", "al_price": "1,901.25"}, {"date": "2017\ub144 07\uc6d4 19\uc77c", "al_price": "1,905.00"}, {"date": "2017\ub144 07\uc6d4 18\uc77c", "al_price": "1,916.75"}, {"date": "2017\ub144 07\uc6d4 17\uc77c", "al_price": "1,905.75"}, {"date": "2017\ub144 07\uc6d4 14\uc77c", "al_price": "1,908.75"}, {"date": "2017\ub144 07\uc6d4 13\uc77c", "al_price": "1,907.25"}, {"date": "2017\ub144 07\uc6d4 12\uc77c", "al_price": "1,875.00"}, {"date": "2017\ub144 07\uc6d4 11\uc77c", "al_price": "1,886.75"}, {"date": "2017\ub144 07\uc6d4 10\uc77c", "al_price": "1,886.00"}, {"date": "2017\ub144 07\uc6d4 07\uc77c", "al_price": "1,921.00"}, {"date": "2017\ub144 07\uc6d4 06\uc77c", "al_price": "1,934.75"}, {"date": "2017\ub144 07\uc6d4 05\uc77c", "al_price": "1,919.75"}, {"date": "2017\ub144 07\uc6d4 04\uc77c", "al_price": "1,919.25"}, {"date": "2017\ub144 07\uc6d4 03\uc77c", "al_price": "1,918.00"}, {"date": "2017\ub144 06\uc6d4 30\uc77c", "al_price": "1,910.50"}, {"date": "2017\ub144 06\uc6d4 29\uc77c", "al_price": "1,906.75"}, {"date": "2017\ub144 06\uc6d4 28\uc77c", "al_price": "1,888.00"}, {"date": "2017\ub144 06\uc6d4 27\uc77c", "al_price": "1,875.00"}, {"date": "2017\ub144 06\uc6d4 26\uc77c", "al_price": "1,853.50"}, {"date": "2017\ub144 06\uc6d4 23\uc77c", "al_price": "1,857.25"}, {"date": "2017\ub144 06\uc6d4 22\uc77c", "al_price": "1,861.50"}, {"date": "2017\ub144 06\uc6d4 21\uc77c", "al_price": "1,858.25"}, {"date": "2017\ub144 06\uc6d4 20\uc77c", "al_price": "1,877.50"}, {"date": "2017\ub144 06\uc6d4 19\uc77c", "al_price": "1,878.00"}, {"date": "2017\ub144 06\uc6d4 16\uc77c", "al_price": "1,855.00"}, {"date": "2017\ub144 06\uc6d4 15\uc77c", "al_price": "1,859.25"}, {"date": "2017\ub144 06\uc6d4 14\uc77c", "al_price": "1,870.00"}, {"date": "2017\ub144 06\uc6d4 13\uc77c", "al_price": "1,876.00"}, {"date": "2017\ub144 06\uc6d4 12\uc77c", "al_price": "1,876.00"}, {"date": "2017\ub144 06\uc6d4 09\uc77c", "al_price": "1,897.25"}, {"date": "2017\ub144 06\uc6d4 08\uc77c", "al_price": "1,894.25"}, {"date": "2017\ub144 06\uc6d4 07\uc77c", "al_price": "1,898.50"}, {"date": "2017\ub144 06\uc6d4 06\uc77c", "al_price": "1,894.00"}, {"date": "2017\ub144 06\uc6d4 02\uc77c", "al_price": "1,924.25"}, {"date": "2017\ub144 06\uc6d4 01\uc77c", "al_price": "1,919.00"}, {"date": "2017\ub144 05\uc6d4 31\uc77c", "al_price": "1,920.25"}, {"date": "2017\ub144 05\uc6d4 26\uc77c", "al_price": "1,944.25"}, {"date": "2017\ub144 05\uc6d4 25\uc77c", "al_price": "1,954.00"}, {"date": "2017\ub144 05\uc6d4 24\uc77c", "al_price": "1,939.00"}, {"date": "2017\ub144 05\uc6d4 23\uc77c", "al_price": "1,937.50"}, {"date": "2017\ub144 05\uc6d4 22\uc77c", "al_price": "1,932.00"}, {"date": "2017\ub144 05\uc6d4 18\uc77c", "al_price": "1,917.50"}, {"date": "2017\ub144 05\uc6d4 16\uc77c", "al_price": "1,917.75"}, {"date": "2017\ub144 05\uc6d4 15\uc77c", "al_price": "1,899.25"}, {"date": "2017\ub144 05\uc6d4 12\uc77c", "al_price": "1,885.50"}, {"date": "2017\ub144 05\uc6d4 11\uc77c", "al_price": "1,869.50"}, {"date": "2017\ub144 05\uc6d4 10\uc77c", "al_price": "1,859.25"}, {"date": "2017\ub144 05\uc6d4 09\uc77c", "al_price": "1,864.25"}, {"date": "2017\ub144 05\uc6d4 08\uc77c", "al_price": "1,872.75"}, {"date": "2017\ub144 05\uc6d4 05\uc77c", "al_price": "1,895.25"}, {"date": "2017\ub144 05\uc6d4 04\uc77c", "al_price": "1,905.50"}, {"date": "2017\ub144 05\uc6d4 03\uc77c", "al_price": "1,916.50"}, {"date": "2017\ub144 05\uc6d4 02\uc77c", "al_price": "1,922.75"}, {"date": "2017\ub144 04\uc6d4 28\uc77c", "al_price": "1,904.00"}, {"date": "2017\ub144 04\uc6d4 27\uc77c", "al_price": "1,916.25"}, {"date": "2017\ub144 04\uc6d4 26\uc77c", "al_price": "1,957.00"}, {"date": "2017\ub144 04\uc6d4 25\uc77c", "al_price": "1,955.75"}, {"date": "2017\ub144 04\uc6d4 24\uc77c", "al_price": "1,937.25"}, {"date": "2017\ub144 04\uc6d4 21\uc77c", "al_price": "1,925.25"}, {"date": "2017\ub144 04\uc6d4 20\uc77c", "al_price": "1,935.75"}, {"date": "2017\ub144 04\uc6d4 19\uc77c", "al_price": "1,894.00"}, {"date": "2017\ub144 04\uc6d4 18\uc77c", "al_price": "1,881.75"}, {"date": "2017\ub144 04\uc6d4 13\uc77c", "al_price": "1,900.75"}, {"date": "2017\ub144 04\uc6d4 12\uc77c", "al_price": "1,884.25"}, {"date": "2017\ub144 04\uc6d4 11\uc77c", "al_price": "1,906.75"}, {"date": "2017\ub144 04\uc6d4 10\uc77c", "al_price": "1,912.75"}, {"date": "2017\ub144 04\uc6d4 07\uc77c", "al_price": "1,948.50"}, {"date": "2017\ub144 04\uc6d4 06\uc77c", "al_price": "1,941.25"}, {"date": "2017\ub144 04\uc6d4 05\uc77c", "al_price": "1,950.00"}, {"date": "2017\ub144 04\uc6d4 04\uc77c", "al_price": "1,927.75"}, {"date": "2017\ub144 04\uc6d4 03\uc77c", "al_price": "1,942.75"}, {"date": "2017\ub144 03\uc6d4 31\uc77c", "al_price": "1,954.75"}, {"date": "2017\ub144 03\uc6d4 30\uc77c", "al_price": "1,965.00"}, {"date": "2017\ub144 03\uc6d4 29\uc77c", "al_price": "1,955.00"}, {"date": "2017\ub144 03\uc6d4 28\uc77c", "al_price": "1,938.50"}, {"date": "2017\ub144 03\uc6d4 27\uc77c", "al_price": "1,924.75"}, {"date": "2017\ub144 03\uc6d4 24\uc77c", "al_price": "1,934.75"}, {"date": "2017\ub144 03\uc6d4 23\uc77c", "al_price": "1,929.00"}, {"date": "2017\ub144 03\uc6d4 22\uc77c", "al_price": "1,918.75"}, {"date": "2017\ub144 03\uc6d4 21\uc77c", "al_price": "1,921.00"}, {"date": "2017\ub144 03\uc6d4 20\uc77c", "al_price": "1,916.25"}, {"date": "2017\ub144 03\uc6d4 17\uc77c", "al_price": "1,908.50"}, {"date": "2017\ub144 03\uc6d4 16\uc77c", "al_price": "1,894.00"}, {"date": "2017\ub144 03\uc6d4 15\uc77c", "al_price": "1,881.25"}, {"date": "2017\ub144 03\uc6d4 14\uc77c", "al_price": "1,852.75"}, {"date": "2017\ub144 03\uc6d4 13\uc77c", "al_price": "1,873.50"}, {"date": "2017\ub144 03\uc6d4 10\uc77c", "al_price": "1,873.50"}, {"date": "2017\ub144 03\uc6d4 09\uc77c", "al_price": "1,855.75"}, {"date": "2017\ub144 03\uc6d4 08\uc77c", "al_price": "1,868.25"}, {"date": "2017\ub144 03\uc6d4 07\uc77c", "al_price": "1,866.50"}, {"date": "2017\ub144 03\uc6d4 06\uc77c", "al_price": "1,866.75"}, {"date": "2017\ub144 03\uc6d4 03\uc77c", "al_price": "1,884.75"}, {"date": "2017\ub144 03\uc6d4 02\uc77c", "al_price": "1,904.25"}, {"date": "2017\ub144 03\uc6d4 01\uc77c", "al_price": "1,944.25"}, {"date": "2017\ub144 02\uc6d4 28\uc77c", "al_price": "1,921.25"}, {"date": "2017\ub144 02\uc6d4 27\uc77c", "al_price": "1,899.50"}, {"date": "2017\ub144 02\uc6d4 24\uc77c", "al_price": "1,884.75"}, {"date": "2017\ub144 02\uc6d4 23\uc77c", "al_price": "1,862.00"}, {"date": "2017\ub144 02\uc6d4 22\uc77c", "al_price": "1,878.50"}, {"date": "2017\ub144 02\uc6d4 21\uc77c", "al_price": "1,878.50"}, {"date": "2017\ub144 02\uc6d4 20\uc77c", "al_price": "1,892.00"}, {"date": "2017\ub144 02\uc6d4 17\uc77c", "al_price": "1,871.25"}, {"date": "2017\ub144 02\uc6d4 16\uc77c", "al_price": "1,887.75"}, {"date": "2017\ub144 02\uc6d4 15\uc77c", "al_price": "1,904.50"}, {"date": "2017\ub144 02\uc6d4 14\uc77c", "al_price": "1,879.00"}, {"date": "2017\ub144 02\uc6d4 13\uc77c", "al_price": "1,864.00"}, {"date": "2017\ub144 02\uc6d4 10\uc77c", "al_price": "1,866.50"}, {"date": "2017\ub144 02\uc6d4 09\uc77c", "al_price": "1,835.50"}, {"date": "2017\ub144 02\uc6d4 08\uc77c", "al_price": "1,830.50"}, {"date": "2017\ub144 02\uc6d4 07\uc77c", "al_price": "1,813.50"}, {"date": "2017\ub144 02\uc6d4 06\uc77c", "al_price": "1,819.00"}, {"date": "2017\ub144 02\uc6d4 03\uc77c", "al_price": "1,819.75"}, {"date": "2017\ub144 02\uc6d4 02\uc77c", "al_price": "1,815.75"}, {"date": "2017\ub144 02\uc6d4 01\uc77c", "al_price": "1,806.00"}, {"date": "2017\ub144 01\uc6d4 31\uc77c", "al_price": "1,807.00"}, {"date": "2017\ub144 01\uc6d4 30\uc77c", "al_price": "1,789.75"}, {"date": "2017\ub144 01\uc6d4 27\uc77c", "al_price": "1,805.25"}, {"date": "2017\ub144 01\uc6d4 26\uc77c", "al_price": "1,809.25"}, {"date": "2017\ub144 01\uc6d4 25\uc77c", "al_price": "1,825.75"}, {"date": "2017\ub144 01\uc6d4 24\uc77c", "al_price": "1,861.75"}, {"date": "2017\ub144 01\uc6d4 23\uc77c", "al_price": "1,845.75"}, {"date": "2017\ub144 01\uc6d4 20\uc77c", "al_price": "1,843.75"}, {"date": "2017\ub144 01\uc6d4 19\uc77c", "al_price": "1,824.00"}, {"date": "2017\ub144 01\uc6d4 18\uc77c", "al_price": "1,831.00"}, {"date": "2017\ub144 01\uc6d4 17\uc77c", "al_price": "1,793.75"}, {"date": "2017\ub144 01\uc6d4 16\uc77c", "al_price": "1,787.50"}, {"date": "2017\ub144 01\uc6d4 13\uc77c", "al_price": "1,809.00"}, {"date": "2017\ub144 01\uc6d4 12\uc77c", "al_price": "1,789.00"}, {"date": "2017\ub144 01\uc6d4 11\uc77c", "al_price": "1,759.50"}, {"date": "2017\ub144 01\uc6d4 10\uc77c", "al_price": "1,751.50"}, {"date": "2017\ub144 01\uc6d4 09\uc77c", "al_price": "1,728.75"}, {"date": "2017\ub144 01\uc6d4 06\uc77c", "al_price": "1,715.00"}, {"date": "2017\ub144 01\uc6d4 05\uc77c", "al_price": "1,703.75"}, {"date": "2017\ub144 01\uc6d4 04\uc77c", "al_price": "1,687.50"}, {"date": "2017\ub144 01\uc6d4 03\uc77c", "al_price": "1,688.00"}]